:020000040800F2
:1000000000000220514300089D4300089D43000862
:100010009D4300089D4300089D4300080000000028
:100020000000000000000000000000009D430008E8
:100030009D430008000000009D4300089D43000808
:100040009D4300089D4300089D4300089D43000810
:100050009D4300089D4300089D4300089D43000800
:100060009D4300089D4300089D4300089D430008F0
:100070009D4300089D4300089D4300089D430008E0
:100080009D4300089D4300089D430008B12B0008D4
:10009000B52B00089D430008A52B00089D430008D0
:1000A0009D4300089D4300089D4300089D430008B0
:1000B0009D4300089D4300089D4300089D430008A0
:1000C0009D4300089D4300089D4300089D43000890
:1000D0009D4300089D4300089D4300089D43000880
:1000E0009D4300089D4300089D4300089D43000870
:1000F0009D4300089D4300089D4300089D43000860
:100100009D4300089D4300089D4300089D4300084F
:100110009D4300089D4300089D4300089D4300083F
:100120009D4300089D4300089D4300089D4300082F
:100130009D4300080000000000000000C52B0008DF
:10014000C92B00089D430008B92B00089D430008F7
:100150009D4300089D4300089D4300089D430008FF
:100160009D4300089D4300089D4300089D430008EF
:100170009D4300089D4300089D43000800000000C7
:10018000000000009D430008000000000000000087
:100190009D43000800000000000000009D4300088F
:1001A0000000000000000000000000009D43000867
:1001B0009D4300089D4300089D4300089D4300089F
:1001C0009D4300080348044B834202D0034B03B114
:1001D000184770470C0F00200C0F00200000000093
:1001E0000548064B1B1AD90F01EBA301491002D099
:1001F000034B03B1184770470C0F00200C0F002071
:100200000000000010B5064C237843B9FFF7DAFF71
:10021000044B13B10448AFF300800123237010BDD9
:10022000100F002000000000904E010808B5054B9B
:100230001BB105490548AFF30080BDE80840FFF752
:10024000CFBF00BF00000000140F0020904E010837
:10025000A3F5803A704700BF174B002B08BF134B24
:100260009D46FFF7F5FF00218B460F461348144AC1
:10027000121A0BF005F80E4B002B00D098470D4BCF
:10028000002B00D098470020002104000D000D48ED
:10029000002802D00C4803F0A4F80BF051F920001C
:1002A000290003F02DFB03F099F800BF00000800BF
:1002B00000000000F138000800000220100F0020AC
:1002C000982D0020E33300080000000037B500241B
:1002D00001AD0AF023FBC0B20A2805D00D2803D0D7
:1002E00005F8010B0134F4E704F108030DEB0304F6
:1002F00001A8002304F8043C07F052FBC0B203B08D
:1003000030BD000008B51248124C134D0AF00EFB28
:1003100012480AF00BFBFFF7D9FF207010480AF0D3
:1003200005FBFFF7D3FF20700AF0F8FA21782A784E
:100330000C480AF0FBFA207800F0B2F8297820780F
:1003400000F0D0FC00F0FEF800F006FDFAE700BF78
:10035000FC290108CC0100202C0F0020422A0108B2
:10036000592A0108762A01080FB407B5064B04AADA
:100370001B6852F8041BD868019209F071FD03B0A4
:100380005DF804EB04B07047D408002008B5074BB3
:100390001A78074B1B789A4205D106481146FFF799
:1003A000E3FF012008BD0020FCE700BFCD010020D5
:1003B000C91800208F2A0108024B1870062000F08F
:1003C00055BA00BF2D0F002038B5074B05461870F1
:1003D000FFF7DCFF0128044603D104482946FFF754
:1003E000C3FF204638BD00BFC9180020CE2A01082F
:1003F00070B50D4E0D4D3478844228BF0446224618
:100400000B4829460BF08CFA32780A4B121BD2B2F9
:100410001C7032702AB1291928460BF081FA01208C
:1004200070BD1046FCE700BFC8140020C9140020AE
:10043000381300203613002038B5054610460C4608
:10044000FFF7C2FF012808D1072000F02BFA20B1E6
:10045000BDE83840072000F025BA192C224629466D
:1004600009D80B480BF05CFA0A4B1C70BDE8384009
:10047000042000F0FBB908480BF052FA074B1A2091
:100480001C70FFF7B5FF072000F0F0F9EEE700BFA2
:100490003813002036130020C9140020C81400208F
:1004A00010B50A4B0A4C00221A70207000F0F4F9C3
:1004B000FFF76CFF207800F05FFA064800F0D4FDEB
:1004C000BDE81040044800F0D5BD00BFC9180020A9
:1004D000CD01002039040008B90300082DE9F341DB
:1004E000164D98462E78164B14461E440F4600F0C3
:1004F000BAF92246014630460BF012FA2A78023A3F
:100500001444E4B2B8F1010F2C7003D09DF82030F0
:10051000012B10D100F072FA064600F069FA33465A
:10052000009022460648394600F06CFD00202870F5
:1005300002B0BDE8F0810120FAE700BF350F0020CE
:10054000360F00202DE9F3479F4BA04C1A782578F1
:10055000AA4218BF1D70012D00F09080022D00F0FE
:10056000B380002D40F00281062000F09BF978B1A5
:10057000974B187800F01EFAB0FA80F0400900F0AE
:1005800060FD2570062002B0BDE8F04700F078B9A4
:10059000032000F087F908B300F01AFA804600F053
:1005A0001DFA054600F01EFA824600F02DFA0646B6
:1005B000284600F035F90746002E00F0DA80FFB239
:1005C00000973346524641462846FFF787FF002EE4
:1005D00000F0E280002323700320D4E7042000F021
:1005E00061F928B37B4D7C4B2E781F78072000F0F3
:1005F00059F9B0FA80F040093246784900903B46FC
:100600007748784E00F01DF9774B32781870014624
:10061000734800F0C5F93378FF2B1EBF2B780133E8
:100620002B70724B00221A70012323700420AAE75A
:10063000072000F037F950B1042000F017F91A2014
:10064000FFF7D6FE002840F0918007209BE700F0DE
:1006500029F908B1002096E7012000F023F908B13C
:10066000012090E700F01EF908B102208BE7052079
:1006700000F018F9002879D0052084E7284600F01A
:1006800011F9064670B100F0DFF9012808D0052005
:1006900000F008F9003818BF012040002070DFE7A3
:1006A0000220FBE700F0FEF800285FD04D4B1B78DE
:1006B000FF2B04D12846267000F0C0FCCAE70223B5
:1006C000237000F0F5F9C5E7284600F0EBF8064680
:1006D000D0B100F083F90546414800F0C2F8064663
:1006E000284600F0BEF8864207D100F0A1F90023A9
:1006F0000120237000F0A2FCB7E7394800F0B1F800
:10070000284600F0AEF8B0E7052000F0CBF8E0B1E5
:10071000364D2B78092B0BD9314800F0A2F8014651
:100720003348FFF721FE3046267000F087FCA3E730
:100730002C4B2B481A782C4B197800F031F92B7878
:1007400001332B700123237096E7032000F0AAF8F1
:1007500000287FF421AF00F0A5F800287FF47AAFDD
:10076000012000F09FF800287FF47AAF02B0BDE8C6
:10077000F087DFF86090284600F073F899F80030B1
:1007800083423FF41CAF284600F06BF899F8002034
:1007900001461848FFF7E8FD284600F062F80D4BC7
:1007A0001A78904204BF01301870284600F059F8BA
:1007B0000146114800F03EF80F484246032100F080
:1007C000EFF8012307E700BFCA180020CB1800206C
:1007D0002D0F0020340F0020361300203813002086
:1007E00000140020C918002037130020330F002008
:1007F000442B0108F82A01082E0F0020024B1A781A
:10080000024B1A70704700BFCB180020CA18002096
:1008100000780138C0B201288CBF00200120704749
:100820000078431E5842584170470078B0FA80F073
:100830004009704700230370012341708370032037
:10084000704710B51C469DF808304270012B18BF48
:1008500002230370224602300BF062F8A01CC0B2E3
:1008600010BD40787047023070470000034A0123F2
:10087000116883400B431360704700BFCC18002001
:10088000044A012303FA00F0136823EA000313600B
:10089000704700BFCC180020014B00221A6070473F
:1008A000CC180020024A012383401068184070478A
:1008B000CC180020054B1B785A1E012A02D80020B4
:1008C000FFF7D4BF0BB90120FAE7704708190020E1
:1008D000F8B507460C4615461E4607F07DF807EEAC
:1008E000900AFAEEE07AF5EEC07AF1EE10FA21DD28
:1008F0002A46214610480BF013F8104B1F70104B7E
:100900001D7002F06FF80F4B187002F065F80E4B77
:1009100018800E4B20461E70FFF77AFF20B103208F
:10092000BDE8F840FFF7A2BF2046FFF77EFF08B101
:100930000220F5E7F8BD00BFD6180020D51800202A
:10094000D4180020D1180020D2180020D018002080
:100950000FB407B5064B07491B6805AAD868019272
:1009600009F07EFA03B05DF804EB04B0704700BFF5
:10097000D4080020822B010810B50446002006F0A0
:100980006FFE07F021F82046034B044ABDE81040F3
:10099000012101F0A7BF00BFD1080008B508000879
:1009A00010B5044601F0D2FF014B22781A7010BD39
:1009B0000819002010B502F01BF8044618B10146D2
:1009C0000248FFF7C5FF204610BD00BF822B01087B
:1009D000014B1878704700BFD518002000487047B9
:1009E000D6180020014B1878704700BFD41800209B
:1009F000014BB3F900007047D2180020014B93F966
:100A000000007047D1180020014B1878704700BFD4
:100A1000D0180020036818470B68036070477047C0
:100A2000024B002205201A70FFF720BF0919002091
:100A300008B5034805F0EDFC024B00221A7008BD12
:100A40001019002009190020014B1878704700BFC9
:100A500009190020C36810B504460BB19B6898477C
:100A6000204610BD38B50546064B45F8283B0446E0
:100A700005F0CFFC2846FFF7EDFF204605F094FC7B
:100A8000204638BDDC47010810B50446FFF7EAFFF1
:100A9000204602F00EFE204610BD000010B5034BAC
:100AA00003600446FFF7DEFF204610BDF047010853
:100AB000F0B52DED028B89B006F08EFF10220446B2
:100AC000002168460AF0DCFB244B0093032394FBCF
:100AD000F3F303EB4303E41A0234E4B2204D03952D
:100AE00007EE904AB8EE678A1DB1694604A8FFF781
:100AF00093FFDFED1C7A079568EE277A1A4C17EE04
:100B0000900A10F05DFF06460F4606F0EDF9636BA4
:100B100023B994F838300BB105F090FF1348FFF774
:100B200099FF079B1BB15B68104804A99847079B76
:100B30000D48636332463B4605F053FC06F0EAF984
:100B400004A8FFF787FF6846FFF784FF084B0122E0
:100B50001A7009B0BDEC028BF0BD00BF210A00087D
:100B60002C43010800247449101900203819002072
:100B70000919002010B50446FFF790FF204602F047
:100B800098FD204610BD000008B50C4805F0E4FBB8
:100B90000A480B4B40F8283B102200210AF070FB5A
:100BA000064A08490548012382F83830064B13608D
:100BB000BDE80840054A02F00FBC00BF1019002034
:100BC000DC4701089D0A0008F0470108C801002021
:100BD00010B5094B036003F1200280330446C0F8CE
:100BE000BC20C0F8C030BC3006F052FE204606F0F3
:100BF0002DF9204610BD00BF28480108A0F1BC0017
:100C0000E6E7A0F1C000E3E707B5104A8DF805104C
:100C1000012300211370302313718DF804005170EB
:100C20009170D17051719171D17109488DF8061090
:100C30000A220AF025FB032201A905480AF070FEEA
:100C4000024803B05DF804EB00F020BA101A00204F
:100C5000181A002013B50F4B8DF8040000211A4616
:100C600001241C7059709970D9701023137151713F
:100C70009171D17108480A220AF002FB224601A9AB
:100C800005480AF04DFE034802B0BDE8104000F0F0
:100C9000FDB900BF101A0020181A002010B50E4828
:100CA00006F008FE0446042000F0A4F990B90B4AAF
:100CB0000B491378E0B20A2803F10104147001D043
:100CC0000D2806D10022CA540420BDE8104000F0CF
:100CD0007BB9C85410BD00BFE01E0020221A0020BE
:100CE000231A00201FB52022002113480AF0C8FA59
:100CF0008022002111480AF0C3FA20220021104866
:100D00000AF0BEFA1022002168460AF0B9FA0D4B2B
:100D100000930D480D4B03930022694606F05CF8E2
:100D2000039B13B19B68684698470949094805B079
:100D30005DF804EB06F0D0BDF0190020701900201A
:100D4000501900209D0C0008241E00202C4301088F
:100D5000B42B0108E01E00202DE9F3476E4B6F4EC7
:100D60001A783578AA4218BF1D70012D2CD0022D9B
:100D700000F0C680002D40F0CB80042000F03AF94E
:100D8000002800F0C580664966480AF009FCA8B949
:100D9000654966484FF4167206F09EFD2846FFF737
:100DA00059FF00F0E9F901233370614B00221A70FA
:100DB000042002B0BDE8F04700F010B9594A5D497F
:100DC0005A4806F089FDF0E7072000F013F9F8B162
:100DD00059495648594D06F07FFD0220FFF73AFF6A
:100DE0005749524806F078FD002415F8013B23B11D
:100DF00054494E48224606F06FFD0134202CF4D1B0
:100E000051494A4806F068FD022333700720D0E7B5
:100E1000082000F0EFF840B14C49444806F05CFD72
:100E20002846FFF717FF0820C3E7022000F0E2F88A
:100E300000285FD000F008F9064600F009F900F03C
:100E40000DF97368202B04460ED100F019F91F2C00
:100E5000034609D8394F17F80480B8F1000F05D0C0
:100E600029462046FFF7D0FE0220A2E7DFF8F490E3
:100E7000374E59F82420024449F82420325D2B488B
:100E80000132D2B203213255CDE900213149224647
:100E900006F022FD335D022BE6D959F8245095FB6C
:100EA000F3F56FF04F0A2DB22B492048CDF800A082
:100EB0002B46224606F010FD554511DB3B5D33B94C
:100EC0000123264919483B55224606F005FD01211C
:100ED0002046FFF799FE002349F824303355C3E735
:100EE0001F491248CDF800A02B46224606F0F4FC1C
:100EF0004146EDE7052000F07DF848B1052058E7B0
:100F0000284600F077F818B100F0A8F8284650E716
:100F100002B0BDE8F08700BFFC1E0020FD1E0020CF
:100F2000F32B0108231A0020F92B0108E01E0020F2
:100F3000221A0020202C0108592C0108F019002049
:100F4000792C01089A2C0108B32C0108D32C010834
:100F500050190020022D0108352D01086C2D0108C3
:100F6000942D01087019002010B50446FFF730FEDB
:100F7000204602F09EFB204610BDA0F1BC00F3E726
:100F8000A0F1C000F0E7000007B50A4B0A481A7844
:100F90000A4B1A704FF416530093032200230221C8
:100FA00005F0EAFA064A0749034803B05DF804EB86
:100FB00002F012BAFD1E0020241E0020FC1E00209C
:100FC000C8010020D10B0008034A012311688340A7
:100FD0000B431360704700BF001F0020044A012329
:100FE00003FA00F0136823EA00031360704700BFA0
:100FF000001F0020024A01238340106818407047F8
:10100000001F002070B50C4601460848BDF910507D
:1010100016460AF085FC064B1E70064B1D80064BDB
:101020001C70BDE870400220FFF7CEBF0E1F0020ED
:101030000D1F0020CE0100200C1F00200520FFF70F
:10104000C3BF0620FFF7C0BF004870470E1F002037
:10105000014B1878704700BF0D1F0020014B187816
:10106000704700BF0C1F0020014B1860704700BF85
:10107000081F0020014B1860704700BF041F0020AC
:10108000014BB3F900007047CE0100200368012B2B
:1010900002D0022B08D070474368302B06D1027A69
:1010A000034B12211B6818470022F9E7FF22F7E7DC
:1010B000081F0020024B002207201A70FFF784BF90
:1010C0000E2300200820FFF77FBF000010B5044664
:1010D00005F042F92046064B40F8283B102200213B
:1010E0000AF0CEF8012384F83830204610BD00BF46
:1010F000DC47010838B5CB6804460D460BB15B6888
:101100009847EB68E360204638BD0000F0B52DED50
:10111000028B85B00446684608EE102AFFF7EAFF06
:10112000DFED147A68EE277A17EE900A10F048FC8B
:1011300006460F4605F0D8FE636B23B994F83830A5
:101140000BB105F07BFC04F12800FFF783FC694636
:1011500004F12800FFF7CEFF32463B46204605F05B
:1011600040F905F0D7FE6846FFF774FC05B0BDEC0A
:10117000028BF0BD002474491FB51022002168467F
:101180000AF07EF8104C114B114A12480093694640
:101190000394FFF7BBFF6846FFF75CFC10220021B9
:1011A00068460AF06DF80C4B0C4A0D4800936946EE
:1011B0000394FFF7ABFF6846FFF74CFC094B012295
:1011C0001A7004B010BD00BF2C430108C510000800
:1011D0000000964350230020B5100008000016447C
:1011E000102300200E23002010B50B480B4CFFF7F6
:1011F0006DFF094B0A4A0B491C60184602F0ECF8D7
:101200000948FFF763FF084B054A1C600549BDE824
:101210001040184602F0E0B850230020F0470108C3
:10122000C80100209D0A0008102300200FB407B554
:10123000064B04AA1B6852F8041BD868019208F0F8
:101240000FFE03B05DF804EB04B07047D408002033
:10125000002000F05BBF00002DE9F041BDF81C50FC
:10126000B5F5806F06460C4690461F4606D32248C9
:101270002946FFF7DBFF0620BDE8F081022000F0E1
:10128000A1FC08B10720F7E73146022000F0F6FC88
:101290004FFA88F1022000F02DFD3946022000F0BF
:1012A00047FD0699022000F061FD2146022000F072
:1012B000C7FC8EB90B3C012C12D80121022000F092
:1012C000A1FC7DB90121022000F06EFD00F0D6FDE9
:1012D0000130D7D00020CFE7012E01D10C2CECD06B
:1012E0000021EBE70021022000F05EFD29460220EC
:1012F00000F078FDEAE700BFD32D01087047000039
:1013000084B038B504AC84E80F000220DDE908544D
:1013100000F058FC20B10720BDE8384004B0704709
:101320000C2C15D921461148FFF780FF0C21022013
:1013300000F086FCA5B90B3C012C15D80121022038
:1013400000F060FC00F09AFD0130E4D00020E3E7FB
:10135000052CEFD821460548FFF768FF0621E6E790
:10136000012D01D10C2CE9D00021E8E7632E010802
:101370000FB407B5064B07491B6805AAD868019248
:1013800008F06EFD03B05DF804EB04B0704700BFD9
:10139000D40800208C2E010884B010B502AC84E87B
:1013A0000F009DF80D10012905D0BDE8104025481B
:1013B00004B0FFF7DDBF9DF8293033205BB301F0A7
:1013C00009F840F04101C9B2332000F0F8FF1921BB
:1013D0003B2000F0F4FF9DF827309DF82A402BB306
:1013E0001D21112000F0EBFF402000F0F3FF00F082
:1013F0003301402000F0E3FF00210F2000F0DFFF69
:1014000000210D2000F0DBFFD4B10520BDE8104025
:1014100004B001F015B800F0DDFF00F0BE0141F0AE
:101420000101332000F0CBFF1D21D1E71F21112046
:1014300000F0C5FF402000F0CDFF00F03F01D8E7ED
:101440000620E3E78C2E010884B02DE9F04106ACBC
:1014500084E80F000898BDF832609DF83450BDF85C
:1014600042700B9CDDF8288000F0CAFF1D2000F0C0
:10147000B1FF9DF831309DF8301041EAC3019DF86D
:10148000363041EA881141EA430141EA8501C9B297
:101490001D2000F094FF1E2000F09CFFC7F30121E7
:1014A00000F00C0041EA04110143C9B21E2000F013
:1014B00086FFF9B21F2000F082FF310A202000F0E1
:1014C0007EFFF1B2212000F07AFF25B19DF83510A2
:1014D000222000F074FF9DF837306BB14B2000F0F4
:1014E00079FF60F07F01C9B24B2000F068FF9DF8E2
:1014F0003810242000F063FF062C4FF031000FD18C
:1015000000F068FF00F0F80141F00501312000F023
:1015100056FF0C21BDE8F041372004B000F04FBF6A
:1015200000F058FF00F0F80141F00301312000F015
:1015300046FF0A21EEE78021122000F040BF402143
:10154000122000F03CBF07B5122000F043FF8DF8D9
:1015500007009DF80700C0F3401003B05DF804FBDE
:101560002021122000F02BBF08B5192000F032FF17
:10157000030643BF4042C0F38500404240F387006A
:1015800008BD84B010B502AC84E80F009DF9384066
:101590001A2000F01FFF002CB8BF8B3C4FEA20132D
:1015A000B8BF0019BDE81040A8BF8B38184400B27E
:1015B00004B0704738B50546132000F00BFF044611
:1015C0000146284600F016FF204638BD0FB407B587
:1015D000064B04AA1B6852F8041BD868019208F055
:1015E0003FFC03B05DF804EB04B07047D408002062
:1015F00008B528B90848FFF7E9FF4FF0FF3008BDEC
:10160000402905D90548FFF7E1FF6FF00100F6E733
:10161000BDE8084000F0CEBDCB2E0108F72E010832
:10162000F8B5074601200D4614461E4600F0CAFADA
:1016300008B10720F8BD3946012000F03DFB2946DE
:10164000012000F01BFB71B2012000F053FBBDF83C
:101650001810012000F06CFB0799012000F086FBB8
:101660002146012000F0ECFA65B90B3C012C0DD8A5
:101670000121012000F0C6FA00F0D2FB0130D8D0E1
:101680000020D7E7012D01D10C2CF1D00021F0E78B
:1016900084B038B504AC84E80F000120DDE90854BB
:1016A00000F090FA20B10720BDE8384004B0704740
:1016B0009DF91C0000F010FC50BB012000F082FAE4
:1016C0000028F0D10C2C15D921461248FFF77EFFD7
:1016D0000C21012000F0B4FAA5B90B3C012C15D85F
:1016E0000121012000F08EFA00F09AFB0130DAD0DF
:1016F0000020D9E7052CEFD821460648FFF766FF02
:101700000621E6E7012D01D10C2CE9D00021E8E704
:101710000120C9E7632E01080FB407B5064B07493E
:101720001B6805AAD868019208F09AFB03B05DF81F
:1017300004EB04B0704700BFD4080020312F01082B
:1017400084B070B504AC84E80F0009209DF94040D6
:1017500000F040FE06465A2000F03CFE9DF8103096
:1017600003F0FD03012B14BF00238023054606F080
:101770007F001843030600F0F00127D5112CCBBFE2
:1017800045F0070505F0F805EDB245F0040505F054
:101790000703072B12D1142CA8BF1424052CB8BFA3
:1017A0000524631F1943C9B2092000F008FE294629
:1017B000BDE870405A2004B000F001BE112CA8BF53
:1017C0001124022CB8BF0224A31EEBE70E2CA8BFE5
:1017D0000E2444EAE47401342143E4E784B008B5FC
:1017E0000DF1080C8CE80F009DF80D10012905D0B3
:1017F000BDE80840124804B0FFF78EBF9DF82730BF
:101800009BB1F521112000F0DAFD402000F0E2FD4F
:1018100000F03301402041F0400100F0D0FDBDE870
:101820000840032004B000F00BBEF721112000F0A7
:10183000C6FD402000F0CEFD00F03F01EAE700BF0A
:10184000312F010884B02DE9F0418AB010AC84E852
:101850000F009DF94C30089314AD0FCD6C46159ECA
:10186000BDF85A70DDF850800FC495E80F0084E889
:101870000F0010AB0FCBFFF763FF129800F0C0FD15
:101880009DF85F306BB14B2000F0A4FD60F07F014C
:10189000C9B24B2000F093FD9DF86010242000F0A9
:1018A0008EFD1D2000F096FD9DF859309DF85810D2
:1018B00041EAC3019DF85C3041EA881141EA8301A5
:1018C0009DF85E3041EA4301C9B21D2000F077FD6A
:1018D0001E2000F07FFD00F00F0141EA0611C9B2A1
:1018E0001E2000F06CFD390A202000F068FD212048
:1018F000F9B200F064FD062E4FF0310010D100F077
:1019000069FD00F0F80141F00501312000F057FDBC
:101910000C2137200AB0BDE8F04104B000F04FBD03
:1019200000F058FD00F0F80141F00301312000F013
:1019300046FD0A21EDE70821122000F040BD08B560
:1019400068B1332000F046FD00F0BE01332000F006
:1019500036FD19213B20BDE8084000F030BD3320A2
:1019600000F038FD00F0BE0141F00101332000F02D
:1019700026FD1D21EEE738B5044622200D4600F075
:101980001EFD00210E2000F01AFD00210D2000F0A8
:1019900016FD012000F01EFD30F0F80304D100F028
:1019A0007DFD012005F050FD29462046BDE8384068
:1019B00000F01BBD0FB407B5064B04AA1B6852F814
:1019C000041BD868019208F04BFA03B05DF804EBF1
:1019D00004B07047D408002010B50A4C2178814229
:1019E000024605D00848FFF7E5FF4FF0FF3004E05E
:1019F000022001F027F808B9207010BD0348FFF756
:101A0000D9FFF2E70824002065370108BB37010839
:101A100008B5044804F0FDFC00F043FD024B012230
:101A20001A7108BD98230020D823002013B5174C45
:101A30002379022B03D0032B19D002B010BDFFF77E
:101A40005DFCFFF7E5FF032000F0FCFF012808D054
:101A500000230F4A0093146819461A460120A04734
:101A6000EBE70C4802B0BDE81040FFF7A3BF2046EB
:101A700000F05AFD94F8280000F047FD012323717F
:101A800002B0BDE8104001F00DB800BFD82300201F
:101A90000C2400203B3701082DE9F041354C267914
:101AA00088B046B134483146FFF784FF4FF0FF302D
:101AB00008B0BDE8F081314B1860314B31481960F6
:101AC000FFF778FF4FF4807005F06EFF2E4B186023
:101AD00028B92E48FFF76EFF6FF00100E8E74FF4DA
:101AE000FA6262620E2222730B22294B6261082283
:101AF0004FF00108A360628304230522204684F886
:101B000020306285237084F805802677E67784F894
:101B10001E8084F82160266184F81980667784F835
:101B2000228084F8288000F0FFFC2546014605F855
:101B3000100B1848FFF73EFF0FCD6F460FC795E813
:101B40000F0087E80F0094E80F00FFF7A1FDA5F153
:101B5000100CBCE80F006F460FC795E80F0087E830
:101B60000F0094E80F00FFF7CBFB84F804803046A9
:101B70009EE700BFD8230020323001081024002047
:101B80000C2400208330010890230020B03001088D
:101B90002021F636EA30010808B5042000F052FF93
:101BA000012805D10648FFF705FF4FF0FF3008BDBB
:101BB000FFF72EFF022000F045FF0020F7E700BFEF
:101BC0000031010838B5054618B90A48FFF7F2FE9A
:101BD00005E0094C217829B10848FFF7EBFE4FF0EA
:101BE000FF3004E0084600F02DFF08B9257038BD2D
:101BF0000348EBE710350108082400204D350108A3
:101C00009035010838B504460D4600F045FF01281F
:101C1000084B06D11A78A24203D1074B00201D764B
:101C200038BD06481A782146FFF7C4FE4FF0FF3052
:101C3000F6E700BF08240020D8230020B1340108B3
:101C400038B504460D4600F027FF0128084B06D1A1
:101C50001A78A24203D1074B00205D6138BD0648C7
:101C60001A782146FFF7A6FE4FF0FF30F6E700BFD7
:101C700008240020D82300205234010838B5044637
:101C80000D4600F009FF0128084B06D11A78A24240
:101C900003D1074B00201D6138BD06481A78214644
:101CA000FFF788FE4FF0FF30F6E700BF0824002062
:101CB000D8230020C435010838B504460D4600F08D
:101CC000EBFE0128084B06D11A78A24203D1074B3C
:101CD00000201D7338BD06481A782146FFF76AFEBA
:101CE0004FF0FF30F6E700BF08240020D823002083
:101CF000D632010838B504460D4600F0CDFE012865
:101D0000084B06D11A78A24203D1074B00205D761A
:101D100038BD06481A782146FFF74CFE4FF0FF30D9
:101D2000F6E700BF08240020D8230020F333010881
:101D300038B504460D4600F0AFFE0128084B06D129
:101D40001A78A24203D1074B00205D8338BD0648B4
:101D50001A782146FFF72EFE4FF0FF30F6E700BF5E
:101D600008240020D82300201D36010838B5044679
:101D70000D4600F091FE0128084B06D11A78A242C8
:101D800003D1074B00209D6038BD06481A782146D4
:101D9000FFF710FE4FF0FF30F6E700BF08240020E9
:101DA000D8230020DD36010838B504460D4600F082
:101DB00073FE0128084B07D11A78A24204D1074BC1
:101DC000002083F8225038BD05481A782146FFF7D5
:101DD000F1FD4FF0FF30F6E708240020D823002063
:101DE0007F36010838B504460D4600F055FE01283F
:101DF000084B06D11A78A24203D1074B00205D851B
:101E000038BD06481A782146FFF7D4FD4FF0FF3061
:101E1000F6E700BF08240020D823002096330108ED
:101E2000F0B589B000F038FE0128114B18D11F78A9
:101E3000012F15D10F4E06F1100500F035FB0FCD27
:101E40006C460FC495E80F0084E80F0096E80F0079
:101E5000FFF7F8FC3846FFF7BFFD002009B0F0BDE2
:101E600005481978FFF7A6FD4FF0FF30F6E700BFF1
:101E700008240020D823002072320108F0B589B070
:101E800000F00AFE0128114B18D11F78022F15D13E
:101E90000F4E06F1100500F007FB0FCD6C460FC486
:101EA00095E80F0084E80F0096E80F00FFF7CCFAE2
:101EB0003846FFF791FD002009B0F0BD05481978BC
:101EC000FFF778FD4FF0FF30F6E700BF0824002051
:101ED000D82300200E320108F0B58BB0044600F084
:101EE000DBFD0128104B17D11F78012F14D10F4EA5
:101EF000089406F110050FCD6C460FC495E80F004D
:101F000084E80F0096E80F00FFF71AFC3846FFF749
:101F100063FD00200BB0F0BD05481978FFF74AFDBE
:101F20004FF0FF30F6E700BF08240020D823002040
:101F3000323301080E4B1B79022B13B510D1FFF77A
:101F4000FAFAFFF765FD032000F07CFD012809D0B7
:101F50000023084A0093146819461A460120A04736
:101F600002B010BD044802B0BDE81040FFF722BD2A
:101F7000D82300200C240020283101082DE9F0414D
:101F8000454E3479022C8AB067D1FFF7D8FAFFF7B3
:101F9000DAFA012829D1FFF7E3FA96F82250ADB911
:101FA000FFF736FD032000F04DFD012808D03B4B24
:101FB00000951E682A462B4629462046B04711E068
:101FC00037480AB0BDE8F041FFF7F4BC00F064FD0B
:101FD0000328F5D10023314A0093156819461A46A3
:101FE0002046A8470AB0BDE8F081FFF7BDFA06F128
:101FF0001005089007460FCD6C460FC495E80F00FA
:1020000084E80F0096E80F00FFF7BBFA254C8046E6
:102010002068FFF7CFFA96F8226005468EB9FFF7E1
:10202000F7FC032000F00EFD012808D01B4B0097A1
:102030001F68216843462A463046B847D2E71A4807
:10204000BFE700F029FD0328F9D1144B00971E6863
:10205000216843462A460020B0E7032C14D11348D8
:1020600004F0D7F9FFF767FCFFF7D2FC204600F039
:10207000E9FC012806D00E4B1B6800200AB0BDE821
:10208000F04118470B489CE70B4821460AB0BDE8D1
:10209000F041FFF78FBC00BFD82300200C240020A4
:1020A0006B2F010890230020A72F01089823002000
:1020B00010240020E22F0108163001082DE970439A
:1020C000044699460D46904604F00EFF636B23B913
:1020D00094F838300BB104F0B1FC04F12806AE429C
:1020E0000BD03046FEF7B6FC3EB1EB681BB15B6827
:1020F000294630469847EB68636342464B46204684
:1021000004F06FF9BDE8704304F004BFF0B5064673
:102110008DB0012000F096FC012806D11E48FFF783
:1021200049FC4FF0FF300DB0F0BD1C4B1C4F186840
:102130004FF48072002107F1100509F0A1F80FCDCE
:102140006C460FC495E80F0084E80F0097E80F0075
:10215000FFF722F902233B71E6B11022002108A803
:1021600009F08EF80F4B089330460F4B0B930FF08E
:102170009DF800220D4B0FF013F90FF041FC0246C1
:102180000B460B4808A9FFF799FF08A8FEF762FC69
:102190000020C8E73046C6E75731010890230020E9
:1021A000D82300202D1A00082C43010800408F403E
:1021B00098230020F0B5304C2379032B8FB00646CE
:1021C0000D4606D12D48FFF7F5FB4FF0FF300FB05D
:1021D000F0BD042000F036FC0128F3D0FFF718FC16
:1021E0000A2005F031F9022000F02CFC012000F05B
:1021F00029FC012801D12248E5E763791BB1012BB5
:1022000003D000270CE01F48DDE794F82100FFF71A
:1022100096FB2946304684F82E50FFF7ACFB676AE0
:10222000194E08970FCE6D460FC596E80F0085E84A
:102230000F0094E80F00FFF7D1FA032310220021CA
:102240000AA8237109F01CF8104B0A933846104B6A
:102250000D930FF02BF800220E4B0FF0A1F80FF0AA
:10226000CFFB02460B460C480AA9FFF727FF0AA836
:10227000FEF7F0FB0020AAE7D82300207E310108FA
:10228000AE310108D5310108E82300202D1A0008DD
:102290002C43010800408F409823002010B50C4CBF
:1022A000204604F059F820460A4B40F8283B1022FB
:1022B000002108F0E5FF012384F83830064B236045
:1022C0002046064A0649BDE8104001F085B800BF27
:1022D00098230020DC470108F0470108C8010020CE
:1022E0009D0A000810B50446044B40F8B83BD4F8EA
:1022F000C4300BB19B689847204610BDC848010800
:102300000FB407B5064B07491B6805AAD8680192A8
:1023100007F0A6FD03B05DF804EB04B0704700BF02
:10232000D4080020EB370108F8B50D4C0D4F236899
:102330001646E2681B040D46136040F08001094810
:1023400004F0AAFA013D2E44B54205D015F8011F4C
:10235000384604F0A1FAF7E7A36822681A60F8BDCE
:10236000D024002008250020F8B50E4C0E4F23681D
:102370001646E2681B040D46136000F07F010A4810
:1023800004F08AFA013D2E44B54206D000213846B9
:1023900004F082FA05F8010FF6E7A36822681A60D4
:1023A000F8BD00BFD02400200825002010B5044649
:1023B000FFF798FF204601F07CF9204610BD07B5D5
:1023C00002AB012203F8011D1946FFF7ADFF03B070
:1023D0005DF804FB07B501220DF10701FFF7C4FF0B
:1023E0009DF8070003B05DF804FB0A460146002093
:1023F000FFF79ABF0A4601460020FFF7B5BF00006D
:1024000010B50EF053FF0CA3D3E900230FF0F2F840
:102410000FF09EFA0446C0F307410620FFF7CFFFF6
:10242000C4F307210720FFF7CAFFE1B20820BDE887
:102430001040FFF7C4BF00BF0000000080844E4082
:10244000144910B50A78044690B932B901230B70CB
:10245000114BDA681B681B0413600120FFF7BAFFF9
:1024600000F0F80121430120BDE81040FFF7A7BFAD
:10247000094B2AB11A6800200870D96812040A6052
:10248000032C1A6803D0DB6812041A60E5E79B6826
:10249000FBE700BFE4250020B42400200120FFF763
:1024A000CFBF0020FFF7CCBF10B504460120FFF7D7
:1024B00091FFC0F3C010844226D0012C13D0FFF747
:1024C000F0FF0120FFF786FF00F07F010120FFF7FA
:1024D00076FF00214020FFF772FF30214120BDE848
:1024E0001040FFF76CBFFFF7DCFF2046FFF772FFDD
:1024F00060F07F01C9B22046FFF761FF0021402054
:10250000FFF75DFF0021E9E710BD10B5044601208B
:10251000FFF7CAFF2CB134213920BDE81040FFF786
:102520004EBF1221F8E700002DE9FF47594C054640
:1025300004F0DAFC0121204600F026FC04F0EAFC5D
:102540002368E2681B041360012004F07DFF04F09F
:10255000CBFC2046002100F017FC04F0DBFC062039
:1025600004F072FF2E784C4C042E1CD104F0BCFCFD
:102570000021204600F008FC04F0CCFC012004F00F
:1025800063FF63681A6823681A4214BF0126002695
:1025900004F0AAFC2046012100F0F6FB04F0BAFC8E
:1025A000012004F051FF2368E2683C483C4C1B04C6
:1025B00013603C4B9A681B6813600821002204F0EA
:1025C00049F9394804F032FF0020FFF739FF1022A3
:1025D000ACBB2146684608F053FE69463348344C8C
:1025E00004F047F86846FEF735FA10227CBB214616
:1025F000684608F045FE69462E48DFF8C8802E4C34
:1026000004F037F86846FEF725FA4FF00309002377
:102610005F1CDBB2D8F80020B2FBF9F29A421ED957
:1026200003EB430304EB030AE05CFFF73DFF9AF87A
:1026300002109AF80100FFF7C2FE3B46E8E70021CE
:10264000684608F01DFE1D4B00940393C5E700216A
:10265000684608F015FE194B00940393CBE76879A0
:10266000174CFFF721FF95F82800FFF74EFF422097
:10267000FFF7B0FE38B92046FFF742FE4FF07E501C
:1026800004F0D4FEF3E7A868FFF7BAFE304604B0C2
:10269000BDE8F087EC240020B424002008250020A9
:1026A0007D1F0008D0240020CDCCCC3D1424002078
:1026B000351F000864240020384301082C4301081A
:1026C000EB370108D001002073B5224D224C234E78
:1026D0000A21284603F072FF2846214D2246314642
:1026E00000F07AFE1321284603F068FF22463146A7
:1026F00028461C4D00F070FE4FF0FF330093062279
:1027000005230721284604F0F9F8224616492846F1
:1027100000F062FE154B1C2422461846002108F0EA
:10272000AFFD162103F000FF114B22461846002191
:1027300008F0A6FD002103F0E4FE0E4B2246002126
:10274000184608F09DFD212102B0BDE8704003F05D
:10275000D8BE00BF14240020C80100201566000860
:102760006424002008250020E5220008D024002051
:10277000EC240020B42400200FB407B5064B04AAB3
:102780001B6852F8041BD868019207F069FB03B07C
:102790005DF804EB04B07047D408002013B50A4B71
:1027A0000A49002401941A78094B01FB0233009373
:1027B0000122082307212046FEF74EFDFEF748FDC3
:1027C000044B1C7002B010BDE525002040420F00F4
:1027D000E0D5A9363526002010B5044648B9FFF7E4
:1027E000DBF9FFF7DBFF084B1B682046BDE8104014
:1027F0001847012807D1FFF7CFF9FFF7CFFF024BAA
:1028000002201B68F2E710BD302600202DE9F047BA
:1028100088469DF9209015461E46044600283BD167
:10282000202A03D92648FFF7A7FF2025254F2A464F
:102830004146384609F074F8234B1E80234B3E78FE
:1028400083F80090FEB9224BBA781B78934215D0DA
:10285000FF2A1AD01F4B1B78D3B9FFF79DF9FFF75A
:102860009DFF012C29D11C4B78781C681B492A1F1D
:102870003346A446D2B2BDE8F0476047FF3B5E4214
:102880005E410124E6E70026E4E701242646E1E76D
:102890001348FFF771FFE4E7441E012C0DD80D4BE0
:1028A0001B782BB9FFF778F9BDE8F047FFF776BF43
:1028B000BDE8F0470A48FFF75FBFBDE8F08700BFFB
:1028C0000D38010806260020282600202626002094
:1028D00034260020352600202C2600200A26002041
:1028E0005238010838B50F4D28700F4D2A600F4A35
:1028F00013600F4B0F4A19700F4B044602FB013255
:102900000E48FFF739FF0E490E48FFF7C5F80E4B8A
:1029100000221A705C70FFF73FF9BDE83840FFF7FE
:102920003DBF00BF34260020302600202C2600208A
:10293000E525002040420F00E0D5A9369F38010868
:102940000D280008D9270008E6250020F7B51B4F01
:102950003C7834B11A482146FFF70EFF012003B03E
:10296000F0BD1C2905D917482022FFF705FF0320D9
:10297000F5E7154D0E1DAA70F6B20A460146281D50
:102980002C70EE7008F0CCFFFFF706F90F4B1049E2
:102990001A78104B01FB023301930823009307229E
:1029A000012321460E20FEF73BFE31462846FEF766
:1029B0001FFE01233B702046D1E700BF35260020D3
:1029C000BB380108FC380108E6250020E525002079
:1029D00040420F00E0D5A936014BB3F90000704723
:1029E00028260020014B93F900007047262600207E
:1029F00010B5074B1C78012C05D106482146FFF77E
:102A0000BBFE204610BD044B18700020FAE700BF43
:102A10003526002046390108342600200FB407B5BA
:102A2000064B07491B6805AAD868019207F018FAF7
:102A300003B05DF804EB04B0704700BFD408002079
:102A4000A639010837B501460D480E4A037803EB55
:102A500083052A44545C012C06D00B4B2B445B5C51
:102A60000370204603B030BD0848642202FB030017
:102A70000090074802FB01020648FFF7CFFFF0E78E
:102A8000362600207F4301086B430108C80300205D
:102A9000D4010020A6390108014B1878704700BF07
:102AA00036260020014B00221A707047362600207F
:102AB00043692DE9F0410D46D907044628D58168C0
:102AC000334F8268334E836833483940B94202EA53
:102AD000060204BF0127A760B24203EA000304BF55
:102AE0004FF48076A660834204BF4FF48030A0602C
:102AF0002748814205D027498A4202D0264A93427C
:102B000006D1264B264A1B6852F82500012198471A
:102B1000E2686369920708D09F0706D51F4B204AD9
:102B20001B6852F8250000219847A1696269636912
:102B30008E070AD5900508D5190406D5174B184AF3
:102B40001B6852F8250005219847A76966696269E4
:102B500017F0040706F4806609D046B1120406D5C2
:102B60000E4B0F4A1B6852F82500072198476369EE
:102B70005FB156B11B0408D5084B094A1B6852F8CF
:102B800025000221BDE8F0411847BDE8F08100BFF3
:102B9000030000040003000800000310402600208A
:102BA0003826002000210148FFF782BF0064004062
:102BB000FFF7F8BFFFF7F6BF01210148FFF778BF25
:102BC00000680040FFF7F8BFFFF7F6BF30B50368B5
:102BD00091FAA1F4B4FA84F491FAA1F10325B1FABF
:102BE00081F1640005FA04F4490023EA040302FABF
:102BF00001F11943016030BD00B5002389B00728F9
:102C00006FD8DFE800F00413202D3A475461009399
:102C1000364B37481A6B42F001021A631B6B03F004
:102C200001030093009B09B05DF804FB01932F4B57
:102C300030481A6B42F002021A631B6B03F0020366
:102C40000193019BEFE70293284B2B481A6B42F04C
:102C500004021A631B6B03F004030293029BE2E776
:102C60000393224B25481A6B42F008021A631B6B30
:102C700003F008030393039BD5E704931B4B204801
:102C80001A6B42F010021A631B6B03F010030493DB
:102C9000049BC8E70593154B1A481A6B42F02002B3
:102CA0001A631B6B03F020030593059BBBE7069398
:102CB0000E4B15481A6B42F040021A631B6B03F06F
:102CC00040030693069BAEE70793084B0F481A6B29
:102CD00042F080021A631B6B03F080030793079B8B
:102CE000A1E70B4804F068FC00209CE70038024094
:102CF000000002400004024000080240000C0240B4
:102D0000001002400014024000180240001C024063
:102D1000E5390108431C10B5044604D17622064962
:102D2000064803F0CBFE2046002100F00DFE04F023
:102D30000F040120A04010BD063A0108603A0108C6
:102D400070B504464B1C0E46218216D0C1F3031009
:102D5000FFF752FF05463046FFF7DCFF238A074A9C
:102D6000656103F00F03206052F82330A36105F181
:102D7000100318356360A560E56070BD5047010819
:102D8000B0F9100000F078BE0A4619B981694069AF
:102D9000FFF71CBF0122F9E74C23F0B54343224E55
:102DA000224F1A1D324400244FF0010E1E448C4263
:102DB00005D10146BDE8F0401D4804F0FDBB336875
:102DC0000EFA04F51D422BD0136B7D690EFA03F346
:102DD0002B4225D0D2F818C07B61156805B3FA687C
:102DE00033EA020203D1BA6833EA020214D10F4A6D
:102DF000916833EA010103D1D26833EA02020DD1AE
:102E0000DCF81020134214BF01210221094B28468F
:102E10001B68BDE8F04018470221F7E70121F5E7FC
:102E200001340432C3E700BF44260020003C0140C7
:102E30009A3A01085828002006210846FFF7ACBF3F
:102E400005210846FFF7A8BF01210420FFF7A4BF12
:102E500001210320FFF7A0BF01210220FFF79CBF43
:102E600001210846FFF798BF01210020FFF794BF1A
:102E7000012910B518D11B4C838952B1A26803F007
:102E80000F0399401143A160836843F001038360FD
:102E900010BDA26803F00F03994022EA0101A1606E
:102EA000836823F00103F2E70229F1D10D498389F8
:102EB0005AB1CC6803F00F03012202FA03F3234353
:102EC000CB60836843F00203E1E7CA6803F00F03B5
:102ED000012404FA03F322EA0303CB60836823F09E
:102EE0000203D4E7003C0140B0F90C3099B270B550
:102EF00001F00F0606F00C0404F1804404F59C3444
:102F000001F00301A56889000F228A40C3F303136F
:102F100025EA02058B402B43A3600F4B0122196861
:102F2000B240114319608468E50742BF99681143B4
:102F30009960A10742BFD9680A43DA6090F900306E
:102F4000002B08DB5909012203F01F0302FA03F3E7
:102F5000024A42F8213070BD003C014000E100E02F
:102F60002DE9F04F92464A1C85B080460C4666D04B
:102F700000220392334A344F516C41F48041516432
:102F8000526C02F480420392039A04F00F090C225F
:102F900002FB0972C4F303105568062D47D8DFE819
:102FA00005F0043A3C3E40424400284E0193FFF7AE
:102FB00023FE0C2101FB09F17A1857F801E0244F98
:102FC000A8F80C404C21694301247B5892F9082051
:102FD000C8F8045004FA0EF44FF0000B1C4388F8B4
:102FE0000020C8F808B07C50132101FB05E507EB71
:102FF0008501019B4B60174BC861C3F800A0164BBD
:10300000C1F834909B681032404643F82260FFF7C5
:103010006BFF584610E0114EC8E7114EC6E7114E3F
:10302000C4E7114EC2E7114EC0E7114EBEE711488A
:1030300004F0C2FA4FF0FF3005B0BDE8F08F08464B
:10304000FAE700BF0038024028460108692E000850
:10305000442600205828002000ED00E0612E0008E2
:10306000592E0008512E0008492E0008412E000854
:10307000392E0008733A01088389184A03F00F03B8
:10308000012110B501FA03F39468DB431C409460FE
:10309000D4681C40D46014682340136090F9003059
:1030A000002B0CDB5A0903F01F0301FA03F3203253
:1030B0000B4941F82230BFF34F8FBFF36F8F90F968
:1030C0000030002B09DB5A09012103F01F0301FA2C
:1030D00003F36032024941F8223010BD003C014048
:1030E00000E100E0838903F00F020C235343104AF0
:1030F00070B54468D658FFF7BFFF4C210D4A6143B5
:10310000012000FA06F55058132303FB046320EA5C
:103110000500505002EB830000214160981D0C33E4
:1031200002EB800002EB83034160596070BD00BF79
:10313000284601084426002008B503F07DF8002049
:1031400008BD000008B50A4B1B684BB103F0F0F94D
:1031500004F0EFF84FF47A7200230EF019FC08BD6A
:1031600003F0BEF84FF47A73B0FBF3F008BD00BF74
:103170005C28002010B588B003F0B6FE052101A838
:1031800003F0D2F90424039B019A1A60962004F0FC
:103190005BF9019B049A1B041360962004F054F918
:1031A000013CF0D10424039B019A1A604FF4C870CB
:1031B00004F04AF9019B049A1B0413604FF4C87091
:1031C00004F042F9013CEED1DCE7000070B50D4699
:1031D000A0B0044603F088FE2B46224680216846B4
:1031E00007F08AFD051E03DC03F094FE20B070BDDD
:1031F000094B1B6823B903220221084800F090FE06
:10320000064E00241DF804103046013401F06AF81F
:10321000A542F7D1E8E700BFA4280020842B0020B6
:103220000FB407B504A951F8040B0191FFF7CEFFC5
:1032300003B05DF804EB04B07047000008B502F07D
:10324000A9FF01F0ADF802F095FF02F0A3FF024BD9
:1032500001221A6008BD00BF5C28002000207047D2
:10326000036801221B6900211847036800221B69BB
:103270001146184703681B69184703689B6918477C
:1032800003689B6A184700290CBF6FF018000020E4
:103290007047012070471120704770476FF01C0085
:1032A00070476FF01500704701207047002070478D
:1032B00070470000F8B5074E15460C468F18BC4203
:1032C00005D014F8011B304601F00CF8F7E728464A
:1032D000F8BD00BF842B002038B58DB215F0010475
:1032E00005D0084800F098FD041C18BF0124EB0627
:1032F00005D5044800F0A6FD08B144F010042046AE
:1033000038BD00BF842B002010B5044604F054FBE8
:10331000204610BD10B50C462AB1044800F0D0FF7D
:103320002070012010BD104610BD00BF842B00206E
:1033300038B51D46074B0360074B1B68044633B97D
:10334000064800F0EDFD2946044800F0B1FD204696
:1033500038BD00BFF0460108A4280020842B0020BF
:10336000002070470020704708B5012000F036F8B3
:103370000C4A136810B51844EFF30881884205D34E
:10338000094B0C221A604FF0FF3010BD07490C6842
:1033900024B10749096821448842F1D210601846D7
:1033A00010BD00BF58060020482B002070280020C8
:1033B00074280020074C08B523680546986806F075
:1033C000EBFE2368D86806F0E7FE0DB1FFF7D2FEEA
:1033D000FEE700BFD40800200120704708B5FFF7C2
:1033E000E9FF01207047002107F06EBB06F01CBF0B
:1033F0007047704708B5FFF7FBFF08BD08B5FFF73A
:10340000F8FF08BD10B5037803F00303012B044651
:103410000CD02BB140F2A9520549064803F04EFBEF
:10342000237843F002032370012010BD002010BD5B
:10343000373B01088E3B010810B5037803F0030306
:10344000022B044605D040F2B1520549054803F06D
:1034500035FB237823F0030343F00103237010BDF1
:10346000373B0108B43B01083F2870B504462FDC08
:10347000184D55F820305A1C13D1022811DCFFF7E3
:1034800071FF034658B92046FFF76AFF034630B97B
:10349000114E3378BFF35B8FDB0704D50F4B45F834
:1034A0002430184670BD3046FFF7ACFF0028F5D039
:1034B0004FF41653032202210848FFF739FF304624
:1034C000FFF7BAFF064A07490448FFF785FFE5E71B
:1034D0000023E6E758050020602800206C28002023
:1034E000C8010020B132000838B50546FFF7BCFF1F
:1034F0000B4B002443F8254030B908F01BF8092392
:1035000003604FF0FF3038BD03685B699847051EC4
:1035100004DA08F00FF86D420560F2E7204638BD86
:1035200058050020FFF7E0BF38B50C461546FFF7F9
:103530009BFF38B907F0FEFF092303604FF0FF340B
:10354000204638BD03682146DB682A469847041E9A
:10355000F6DA07F0EFFF64420460EFE708B5131EE8
:1035600006DA07F0E7FF162303604FF0FF3008BDCF
:1035700004D0FFF7D9FF40EAE07008BD184608BD47
:1035800038B50C461546FFF76FFF38B907F0D2FF84
:10359000092303604FF0FF34204638BD03682146FD
:1035A0009B682A469847041EF6DA07F0C3FF644278
:1035B0000460EFE7002A08B503DBBDE80840FFF729
:1035C000DFBF07F0B7FF162303604FF0FF3008BDE1
:1035D00010B5FFF749FF044628B907F0ABFF0923F0
:1035E0000360204610BD0368DB699847041EF8DAC3
:1035F00007F0A0FF644204600024F2E71FB5042234
:103600000C4640230DEB020101900DF109008DF8ED
:10361000083008F085F9214602A806F0D5FF0446D7
:1036200030B10198FFF7D4FF10B12046FFF7DBFE61
:10363000204604B010BDFFF7CBBF38B50C46154689
:10364000FFF712FF38B907F075FF092303604FF049
:10365000FF34204638BD036821461B692A46984737
:10366000041EF6DA07F066FF64420460EFE7FFF736
:10367000E4BF38B50D46FFF7F7FE044630B907F052
:1036800059FF092303604FF0FF3038BD0368DB6941
:103690009847002814BF4FF400534FF400436B6069
:1036A000236820469B6A98472861002038BDFFF7B1
:1036B000E0BF04F081B90000034610B553F8042BB5
:1036C000044602B9036022689A4204D05E2203498C
:1036D000034803F0F3F9206810BD00BFC43A0108A5
:1036E000233B010810B504460948FFF7E5FF002316
:1036F000084A194652F82300A04208BF42F8231096
:103700000133402BF6D10248FFF7D6FF10BD00BFB2
:10371000642800205805002010B50F48FFF7CCFFA3
:103720000E4B032453F824206AB10134402CF9D104
:1037300007F000FF182303600748FFF7BDFF4FF0B5
:10374000FF34204610BD4FF0FF32034843F82420D9
:10375000FFF7B2FFF5E700BF6428002058050020FE
:1037600010B50446FFF7D8FF0028A4BF014B43F86B
:10377000204010BD5805002070B506460C46FFF7E6
:10378000EFFF054690B12146FFF738FF044630B9F8
:10379000074B53F82520964203D143F825002046D5
:1037A00070BD07F0C7FE09230360F8E70446F6E79B
:1037B000580500200EB42DE9F04185B00546FFF70D
:1037C000ABFF041E13DB0023294602A8019303F07C
:1037D000C7FD02A803F016FE1B4D064668B907F0A8
:1037E000A9FE1323036045F824604FF0FF34204600
:1037F00005B0BDE8F04103B0704702A803F0F0FD4A
:10380000074602A837B103F0F4FD0190019B45F88B
:103810002430ECE703F0DBFD06460028DFD0036828
:1038200002A8D3F8088003F0C7FD0B9B024601A94C
:103830003046C04706460028E8D007F07BFE7642B7
:10384000066045F82470D0E75805002073B50E4691
:103850001849054607F0A4FE044620B9FFF704FE08
:10386000204602B070BD1449284607F099FE20B9E1
:103870000120FFF7F9FD0124F2E71049284607F07F
:103880008FFE20B90220FFF7EFFD0224E8E72B7836
:10389000402B07D10422691C0DEB020008F040F810
:1038A000019CDDE726F400412846FFF783FF04462C
:1038B000D6E700BF404701084747010838470108DD
:1038C00070477047074B08499A68084810B5043A92
:1038D00052F8044F41F8044F8142F9D14FF00052A1
:1038E0009A6010BD00ED00E0FCFFFF1FC00100204A
:1038F00008B5FFF7E7FFFFF7A1FCFFF7E2FF08BD00
:1039000008B5FFF7DDFFBDE80840FCF7FBBC30B5AC
:10391000C36891FAA1F4B4FA84F491FAA1F10325F1
:10392000B1FA81F1640005FA04F4490023EA0403C2
:1039300002FA01F11943C16030BD012A02D0022A06
:1039400018BF0022FFF7E3BF2DE9F0410E46411CEE
:10395000044604D13E224449444803F0AFF804F041
:103960000F08434BC4F3031053F82850FFF744F9F2
:1039700006F007070446836895FAA5F1B1FA81F1CC
:1039800095FAA5F20320490000FA01F1B2FA82F299
:1039900023EA01035200022101FA02F21343A36059
:1039A00087425AD8DFE807F05E1D021DB8F1070F05
:1039B000C6F303203BD9626A2B0A93FAA3F1B1FA4A
:1039C00081F193FAA3F34FF00F0EB3FA83F389005A
:1039D0000EFA01F19B0022EA010200FA03F31343FD
:1039E00063623B46226895FAA5F0B0FA80F095FA3A
:1039F000A5F14FF0030EB1FA81F140000EFA00F08C
:103A0000490022EA00028B40013F1343012F23604B
:103A100005D8636832074CBF2B43AB436360C6F3E2
:103A2000011229462046BDE8F041FFF786BF226A11
:103A300095FAA5F3B3FA83F395FAA5F14FF00F0EBB
:103A4000B1FA81F19B000EFA03F3890022EA030226
:103A500000FA01F313432362C3E7672202490548D2
:103A600003F02CF80023BDE7F33B0108603A01089E
:103A7000504701081C410108431C70B506460D461D
:103A800004D188221B491C4803F018F806F00F02E5
:103A90001A4BC6F3031053F82240FFF7ADF804FBAE
:103AA00004F2016802EB42030B40B3FBF2F3013B6B
:103AB000012B05D8EB1E022B436809D82343436032
:103AC000032D08D101222146BDE87040FFF735BF24
:103AD00023EA04034360012DF4D0052D01D0022D0B
:103AE00001D10222EFE721460022BDE87040FFF736
:103AF0000EBF00BFF33B0108603A010850470108C0
:103B000070B5A6B03422002102A807F0B9FB5C22F0
:103B100000210FA807F0B4FB2A4B1D68002D4FD1E0
:103B2000294C019501261E60236C43F080532364C9
:103B3000236C03F080530193019B00F05DFC042390
:103B400002A802930895049600F0C0FF10B11F4828
:103B500003F032FDA36823F4F813A360A36823F4F1
:103B6000F813A360236F43F48073236720230F931C
:103B70000FA84FF480731F9300F058FD10B1144844
:103B800003F01AFD134B144801221A60134B036013
:103B900003220023826041F6FF7243774360C260D4
:103BA00003614361836101F05EF910B10C4803F0D9
:103BB00003FD094801F089FA10B10A4803F0FCFC42
:103BC00026B070BD80280020003802404B3C010820
:103BD0006B3C01083C0E474284280020002800402E
:103BE000943C0108AE3C0108F0B51F4B1F491C680E
:103BF0001F4A5D688BB00C4015401E460F46186882
:103C0000084084422BD158681040854227D105F0E6
:103C10003F0001F051FA0490C5F3042001F04CFA82
:103C200001380590280C01F047FA44300690C4F39F
:103C3000054001F041FA0390C4F3062001F03CFA7C
:103C4000029004F07F0001F037FA012201906946EA
:103C500001A802F051FF00B100980BB0F0BD34682C
:103C600075683C401540CAE7002800407F7F7F0010
:103C70003FFFFF00024BD868C0F30010704700BF41
:103C800000280040214B224A2DE9F0411D691C68A3
:103C90009E6AC5F30E051440184617461968114070
:103CA0008C422ED1996A8E422BD1C4F3054001F08B
:103CB00003FA0746C4F3062001F0FEF9804604F03B
:103CC0007F0001F0F9F9134A13493C2313FB080064
:103CD0004FF4616303FB07001368146898420B6894
:103CE0003CBF03F5A83303F5C0731B1B03440B60F3
:103CF00010600868013DC00305EB9000801BBDE823
:103D0000F0810468866A3C40C8E700BF0028004094
:103D10007F7F7F007C2800207828002030B591B07C
:103D200000211422044602A8019107F0A9FA03F029
:103D3000DBF82A4B2A4A1A6007A90122204602F022
:103D40002BFF002848D00D9B03B907238DF80430C2
:103D50000B9B01338DF805300A9B8DF806300C9BC8
:103D6000443B8DF80730099B8DF80830089B8DF88F
:103D700009300024079B8DF80A308DF80B4005941C
:103D80000694FFF77FFF9DF809109DF80A2013485D
:103D90003C2313FB01229DF808304FF4616101FBC5
:103DA0000323104A13600E4B224601A99D6A01F0BD
:103DB000B3F810B10C4803F0FFFB002202A907483A
:103DC00001F00AF910B1094803F0F6FB044A936ABE
:103DD0009D42FCD103F09EF811B030BD8428002034
:103DE000002800407C280020C73C0108DE3C010878
:103DF0000FB407B5064B07491B6805AAD86801929E
:103E000006F02EF803B05DF804EB04B0704700BF75
:103E1000D4080020F53C01084368094A9B0182B0A0
:103E2000D3581A68120706D5002201921A68019227
:103E30005A680192019A1868C0F3401002B07047A6
:103E4000D02B00204368034A9B01D3581868C0F365
:103E5000C0107047D02B002042681449920110B462
:103E600004685450531882685A60C2689A600269A4
:103E7000DA6042691A61026A9A610022DA84DA61C0
:103E80009A84DA859A85B0F91A20013206D108227F
:103E90005A6118465DF8044B01F0B1BEB0F9182024
:103EA00001320CBF04220C22F2E700BFD02B00200D
:103EB00010B581600C46FFF7CFFF28B121460348BB
:103EC000BDE81040FFF794BF10BD00BFF53C0108EE
:103ED000124B984217D0A3F54C43984215D003F5E6
:103EE0008063984213D003F58063984211D003F5A4
:103EF000806398420FD003F5444398420CBF0520DD
:103F00004FF0FF30704700207047012070470220BB
:103F10007047032070470420704700BF0010014025
:103F2000F0B50E4687B004465B493046154602F0B0
:103F300037FC5A490746284602F032FC014638460B
:103F400002F008FC2060013004D13D22544955485C
:103F500002F0B4FD022E0CD0032D0AD04E490220EF
:103F600002F01EFC874202D14F4803F025FB0027D8
:103F700000E001274D4B206898424FF000031AD112
:103F800000934B4B5A6C42F010025A645B6C03F086
:103F900010030093009B474B984229D100230593BF
:103FA000434B5A6C42F020025A645B6C03F02003CE
:103FB0000593059B1CE0404A90420BD101933C4B7A
:103FC0001A6C42F400321A641B6C03F40033019340
:103FD000019BE0E7394A904240D10293344B1A6C7E
:103FE00042F480221A641B6C03F480230293029B28
:103FF000FFF76EFF0028606004DAA42228493048E9
:1040000002F05CFD2449304602F080FB234928463B
:1040100002F07CFB721C03D001213046FFF72CFD1F
:104020006B1C03D001212846FFF726FD4FF41653E1
:10403000A3600023E36023616361236226836583B9
:104040002046FFF709FF3FB11E4B1F4801221A60AF
:1040500021464C2207F064FC07B0F0BD1B4A904299
:104060000BD10393124B1A6C42F400221A641B6C9E
:1040700003F400230393039BBAE7154A90428AD1C5
:1040800004930B4B1A6C42F480121A641B6C03F4F9
:1040900080130493049BABE7B04501083845010841
:1040A0001F3D01087B3D0108973D010800100140BC
:1040B0000038024000140140004400400048004025
:1040C000CC3D0108A4280020842B0020004C004097
:1040D00000500040002808DB4209012300F01F00C7
:1040E00003FA00F0014B43F82200704700E100E0C2
:1040F00000280DDB4309012200F01F0002FA00F046
:104100002033044A42F82300BFF34F8FBFF36F8F71
:10411000704700BF00E100E0F7B5FFF7D9FE071ECA
:1041200026DB144E56F8270010B3134CBD0163591B
:104130001A68120606D5DB68190603D50F4B012154
:104140001B68984763591A68920608D5DB68980679
:1041500005D50A4B56F827001B680021984763597C
:104160001A68110704D55A69D20744BF5B680193E6
:1041700003B0F0BDAC280020D02B0020A8280020E0
:104180000148FFF7C9BF00BF001401400148FFF715
:10419000C3BF00BF005000400148FFF7BDBF00BFD4
:1041A000004C00400148FFF7B7BF00BF0048004087
:1041B0000148FFF7B1BF00BF004400400148FFF7CE
:1041C000ABBF00BF00100140034B19604168034BB7
:1041D00043F82120704700BFA8280020AC28002009
:1041E00030B490E818002C48834233D00AD8A0F5A8
:1041F0000060834228D000F58060834227D00023EE
:1042000018460FE0254883420AD000F580608342BB
:1042100023D0A0F544408342F1D1214B352001E069
:10422000204B2520204DA401FAB1C9B92959CA68EB
:1042300042F02002CA601D4A00F11001926830BCB1
:1042400042F82130FFF746BF194B2620EAE7194B09
:104250002720E7E7184B3420E4E7184B4720E1E735
:104260002959CA6842F08002E4E72B59DA6849B953
:1042700022F02002DA60DB6813F0800F09D130BC35
:10428000FFF736BF22F08002DA60DB6813F0200F00
:10429000F4E730BC704700BF004C00400010014004
:1042A0008D410008BD410008D02B002000ED00E04A
:1042B000B1410008A541000899410008814100086A
:1042C00038B5446805462846FFF7A6FD0028FAD011
:1042D000A401034B1B595868C0F3080038BD00BF48
:1042E000D02B002070B5456806460C463046FFF7D7
:1042F000A9FD0028FAD0AD01024B5B59C4F30804B4
:104300005C6070BDD02B002008B50E4AC36D93428F
:1043100014D008D8A2F5806293420FD00A4803F067
:104320004BF9002008BD094A934203D002F5806290
:104330009342F3D1BDE8084000F04AB9BDE8084017
:1043400000F036B9003C0040DE3D0108003001407D
:10435000DFF830D0002103E00B4B5B5843500431B1
:104360000A480B4B42189A42F6D30A4A02E000234D
:1043700042F8043B084B9A42F9D301F01FFEFBF7C9
:104380006BFF7047000002209C4E0108C80100200E
:104390000C0F0020100F0020982D0020FEE7704722
:1043A00008B50B4B1A6842F400721A601A6842F49E
:1043B00080621A601A6842F480721A60032000F06A
:1043C00009F80F20FEF7B8FEFFF7E9FF002008BD4F
:1043D000003C0240074AD36823F4E0631B041B0C33
:1043E00043F0BF63000243F4003300F4E060034392
:1043F000D360704700ED00E0014B01221A60704766
:1044000020000E4237B500230193184B184C1A6C4C
:1044100042F080521A641B6C03F080530193019B9D
:10442000144B01221A60FEF78DFE05466368DA031D
:104430000BD5114B0E4C01221A60FEF783FE054688
:1044400063689B030AD5002006E0FEF77BFE401B55
:10445000B0F57A7FEAD9032003B030BDFEF772FED3
:10446000401BB0F57A7FEBD9F5E700BF003802407A
:104470000070004040000E4244000E422DE9F04121
:104480000D46044610B90120BDE8F081444B1A687E
:1044900002F00F028A4228D321688F072DD4C80763
:1044A00040D43F4B1A6802F00F02954266D322684F
:1044B00051076CD4130707D53A4A2169936823F44E
:1044C000604343EAC103936000F0B8FA354B364AC3
:1044D0009B68C3F30313D35CD840344B18600F20A0
:1044E000FEF72AFE0020BDE8F081CAB21A701B68F0
:1044F00003F00F039942C6D1CEE72A4B11F0040F07
:104500001EBF9A6842F4E0529A600E0742BF9A6852
:1045100042F460429A609A68A06822F0F002024376
:104520009A60BCE762681F4B012A1DD11B6813F417
:10453000003FA8D01B4EB36823F003031343B360BE
:10454000FEF700FE41F288380746B368626803F060
:104550000C03B3EB820FA4D0FEF7F4FDC01B404563
:10456000F3D90320BDE8F081911E01291B6802D810
:1045700013F0007FDDE713F0020FDAE7EAB21A70FA
:104580001B6803F00F039D427FF47DAF8FE7054961
:10459000E0688B6823F4E05303438B608AE700BF35
:1045A000003C024000380240A04701085C060020A1
:1045B000044B054A9B68C3F38223D35C034A10680B
:1045C000D840704700380240B04701085C06002020
:1045D000044B054A9B68C3F34233D35C034A10681B
:1045E000D840704700380240B04701085C06002000
:1045F0000F2303600B4B9A6802F0030242609A6833
:1046000002F0F00282609A6802F4E052C2609B6895
:10461000DB0803F4E0530361034B1B6803F00F0353
:104620000B60704700380240003C024003682DE9EF
:10463000F74313F0010604460BD0AA49866BD1F864
:104640008C2022F0C0623243B6FA86F6C1F88C2084
:1046500076099D070BD5A348E16BD0F88C2022F09A
:10466000C0520A430029C0F88C2008BF012613F06D
:10467000040512D09B49256BD1F88C20B5F5801F1D
:1046800022F4401242EA050218BFB5FA85F5C1F8D6
:104690008C2012BF6D090025012618070FD59148FF
:1046A000616BD0F88C2022F440020A43B1F5800FF0
:1046B000C0F88C2000F00981002908BF0125990667
:1046C00033D500230193874B874F1A6C42F08052F9
:1046D0001A641B6C03F080530193019B3B6843F405
:1046E00080733B60FEF72EFD80463B68DA0540F1A3
:1046F000EE807C4F3B6F13F4407340F0FB80236CE3
:1047000003F44072B2F5407F764A40F0168191681A
:1047100023F0704021F4F81120F4407001439160BF
:10472000116FC3F30B030B4313672368D90642BF12
:104730006E4B94F858201A6023681A0608D5694908
:10474000E06CD1F8942022F440020243C1F8942096
:104750005F0608D56349A06CD1F8942022F08062EE
:104760000243C1F89420D8050CD55E48616DD0F89D
:10477000942022F000620A43B1F1006FC0F8942047
:1047800008BF0125990508D55649606CD1F89420D9
:1047900022F080520243C1F894205A0500F1D180E2
:1047A000012E40F0DC80524E4E4F00233360FEF766
:1047B000C9FC80463B681B0100F125812268D007B7
:1047C00001D5A36B1BB1910715D5E36B9BB9454987
:1047D000D1F88430D1F8840003F4403300F07060E5
:1047E000034360680343A06843EA8013606943EAB7
:1047F0000073C1F88430530703D5236BB3F5801FD2
:1048000005D0170720D5636BB3F5800F1CD1354950
:10481000D1F88430D1F8840003F4403300F0E04054
:10482000034360680343A06843EA8013206943EAB6
:104830000063C1F88430D1F88C00A36A20F01F0017
:10484000013B0343C1F88C3050051BD5236DB3F1F8
:10485000005F17D123486768D0F88410D0F88430FF
:1048600003F0E0433B43A768C1F30141013143EA50
:10487000871343EA4163E1684908013943EA014388
:10488000C0F88430110511D52369A2681B0643EADC
:10489000821362681343626943EA0273E268520852
:1048A000013A43EA02430F4AC2F8843001233360DD
:1048B000FEF748FC0B4E074633681A0153D4FEF747
:1048C00041FCC01B0228F7D908E00126F7E6FEF7F5
:1048D00039FCA0EB080002287FF607AF032003B0E5
:1048E000BDE8F0830038024000700040E01147420C
:1048F00068004742226C02F4407293423FF4FFAEDC
:104900003B6F4B4A0121116023F440730021116079
:104910003B673B6FDB077FF5F2AEFEF713FC41F21E
:10492000883980463B6F98073FF5E9AEFEF70AFCF1
:10493000A0EB08004845F5D9D0E7916821F4F811BB
:10494000EDE63C48216DD0F8942022F000520A4355
:10495000B1F1005FC0F894207FF422AF23E7B3F5F4
:10496000006F3FF420AF012D4BD1334D314E00236A
:104970002B60FEF7E7FB074633689B004BD42168AA
:104980004E0701D5236B1BB108071AD5636BC3B95A
:10499000284AA069D2F8883003F440330343E06921
:1049A00043EA8013606A43EA0063C2F88830D2F8B1
:1049B0008C30E06A23F4F853013843EA0023C2F84C
:1049C0008C30CA0514D5636DB3F1006F10D119494D
:1049D000A269D1F8883003F070631343E26943EAB7
:1049E0008213226A5208013A43EA0243C1F888302E
:1049F00001232B60FEF7A6FB0E4C054623689B00A7
:104A00000FD500206BE7FEF79DFBA0EB0800022806
:104A10007FF6D0AE62E7FEF795FBC01B0228ABD94C
:104A20005CE7FEF78FFB401B0228E7D956E700BF83
:104A3000400E47420038024070004742204908B506
:104A40008B6803F00C03082B07D00C2B20D01D4AD9
:104A50001D48042B18BF104608BD4A684B684968BA
:104A600013F4800314BF18481648C1F3881118BF07
:104A7000002302F03F02A1FB00010CF089FF104B64
:104A80005B68C3F3014301335B00B0FBF3F008BD87
:104A90004A684B68496813F4800314BF0A48094800
:104AA000C1F3881118BF002302F03F02A1FB0001EF
:104AB0000CF06EFF024B5B68C3F30273E5E700BFC7
:104AC000003802400024F40000127A0003682DE947
:104AD000F341DF07044610D423689E0767D4236898
:104AE0001A0700F1B28023685B0700F1D080A26949
:104AF000002A40F0398100201EE0974B9A6802F0AE
:104B00000C02042A10D09A6802F00C02082A02D182
:104B10005B685D0208D4904B9A6802F00C020C2A84
:104B20000DD15A6850020AD58B4B1B689903D3D517
:104B30006368002BD0D1012002B0BDE8F08162682B
:104B4000B2F5803F11D11A6842F480321A60FEF744
:104B5000F9FA814D06462B689A03BDD4FEF7F2FAA6
:104B6000801B6428F7D90320E6E77B4DB2F5A02F20
:104B70002B6807D143F480232B602B6843F48033E8
:104B80002B60E4E723F480332B602B6823F480232D
:104B90002B60002ADBD1FEF7D5FA06462B689B0373
:104BA0009AD5FEF7CFFA801B6428F7D9DBE76A4B6A
:104BB0009A6812F00C0F10D09A6802F00C02082AC2
:104BC00002D15B685F0208D5634A936803F00C0367
:104BD0000C2B11D153685E020ED45F4B1A689507F7
:104BE00002D5E268012AA6D11A68216922F0F802EA
:104BF00042EAC1021A6072E7E268584BB2B1012280
:104C00001A60FEF79FFA544D06462B68980707D5A1
:104C10002B68226923F0F80343EAC2032B605EE7A6
:104C2000FEF790FA801B0228EFD99CE71A60FEF786
:104C300089FA494D06462B6899077FF550AFFEF774
:104C400081FA801B0228F6D98DE76269444B7AB15C
:104C500001221A60FEF776FA3F4D06466B6F9F07FA
:104C60003FF541AFFEF76EFA801B0228F6D97AE7CE
:104C70001A60FEF767FA384D06466B6F98077FF5A6
:104C800032AFFEF75FFA801B0228F6D96BE7324B92
:104C90001A6C12F0805228D101921A6C42F08052A4
:104CA0001A641B6C03F080530193019B01262D4D68
:104CB0002B68D9051BD5A368274D012B27D12B6F56
:104CC00043F001032B67FEF73DFA234D074641F2FF
:104CD00088382B6F9B0739D5002E3FF408AF1E4A4A
:104CE000136C23F08053136401E70026DFE72B6881
:104CF00043F480732B60FEF725FA07462B68DA052C
:104D0000D9D4FEF71FFAC01B0228F7D92BE7052BD1
:104D100004D12B6F43F004032B67D0E72A6F22F0F6
:104D200001022A672A6F22F004022A67002BCAD1E7
:104D3000FEF708FA41F2883807462B6F9807CBD563
:104D4000FEF700FAC01B4045F7D90CE7FEF7FAF969
:104D5000C01B4045BDD906E700380240000047426D
:104D6000800E474200700040234DAB6803F00C03F7
:104D7000082B3FF4E0AE214E0023022A33602DD1F0
:104D8000FEF7E0F907462B68990121D4226AE3690E
:104D90001343626A43EA8213E26A43EA0263226BC4
:104DA00043EA0273A26A144C5208013A43EA0243EE
:104DB0006B6001233360FEF7C5F9054623689A014D
:104DC0003FF599AEFEF7BEF9401B0228F6D9CAE6B8
:104DD000FEF7B8F9C01B0228D5D9C4E6FEF7B2F930
:104DE00004462B689B017FF586AEFEF7ABF9001BEE
:104DF0000228F6D9B7E600BF0038024060004742FB
:104E00007047026838B5D36823F0A003D360044626
:104E1000FEF798F905462368DB689B0601D500205C
:104E200038BDFEF78FF9401BB0F57A7FF3D9032028
:104E300038BD38B50368DA685206044601D500204B
:104E400038BD4FF0FF32DA60FEF77CF90546236883
:104E5000DB685B06F3D4FEF775F9401BB0F57A7F8B
:104E6000F5D9032038BD38B50446B8B1437F03F007
:104E7000FF0213B90277FFF7C3FF022363772368AA
:104E8000CA225A6253225A622046FFF7D2FF236891
:104E9000054628B1FF225A620423637701252EE0DC
:104EA0009A68206922F4E00222F040029A60626867
:104EB00099680243606902430A439A60E2681A6192
:104EC0001A69A16842EA01421A61DA6822F0800296
:104ED000DA609B689B0605D42046FFF792FF08B175
:104EE0002368D7E72368A1691A6C22F480221A6428
:104EF0001A6C0A431A64FF225A6201236377284618
:104F000038BD0023092803D840EA0310C0B2704717
:104F10000A380133C0B2F5E7F8B5037F012B054627
:104F20004FF0020630D00123037746774B78C878DC
:104F30008E780C78002A48D1DA0603D523F01003C6
:104F40000A334B70FFF7DDFF07464878FFF7D9FFBC
:104F500002463046FFF7D5FF40EA443040EA0740BA
:104F600040EA02242B68CA225A6253225A62284617
:104F7000FFF75FFF2B68064640B1FF225A62042309
:104F80006B7700232B7701263046F8BD24F07F4451
:104F900024F0C0045C60DA6822F08002DA609B686A
:104FA0009B060AD42846FFF72CFF30B12B68FF225E
:104FB0005A6204236B772E77E5E72B68FF225A624B
:104FC00001236B7700232B77DEE71B0243EA0040C7
:104FD000304340EA4434C5E7F8B5037F012B064669
:104FE0000F464FF002052FD0012303770368457762
:104FF00008784D788C789B6842BB13F0400308BF5B
:10500000CB70FFF77EFF01462846FFF77AFF024686
:105010002046FFF776FFFB7840EA034040EA014074
:1050200040EA02243368CA225A6253225A62304646
:10503000FFF7FFFE33680546A8B1FF225A6204233A
:1050400073770023337701252846F8BD13F040031A
:105050004FEA052508BFCB7045EA00402043CC78D5
:1050600040EA0444DEE704F07F3424F0FE441C6090
:105070009A68386922F480229A60FA689968024333
:105080000A439A60DA6822F08002DA609B689B0625
:105090000AD43046FFF7B5FE30B13368FF225A62BA
:1050A000042373773577CEE73368FF225A620123F2
:1050B000737700233377C7E7030903EB830300F01B
:1050C0000F0000EB4300C0B27047037F012B4FF08D
:1050D00002030FD043770368CA225A6253225A62EE
:1050E0009A6842F020029A60FF225A6201234377B5
:1050F000002303771846704703685A6822F0E002DD
:105100005A604268B2F5827F0AD18268B2F5004FD8
:1051100002D0B2F5806F03D11A6822F040021A6003
:10512000826AB2F5005F09D11A6822F400521204B3
:10513000120C1A601A6842F400521A60012380F8B7
:105140005130002380F850300320704770B5054679
:105150000C46164629688B689B0701D5002070BD58
:10516000621CF8D024B92846BDE87040FFF7C4BFE0
:10517000FDF7E8FF801B8442ECD8F4E72DE9F0410D
:10518000DDF8188005460F4616461C462B689868C1
:105190003840B04202D10020BDE8F081621CF6D058
:1051A00024B92846BDE8F041FFF7A6BFFDF7CAFFC6
:1051B000A0EB08008442E9D8F3E713B50B46009250
:1051C000802100220446FFF7D9FF20B1636D43F030
:1051D00020036365032002B010BD704738B5044654
:1051E00000283BD090F8513003F0FF021BB980F843
:1051F0005020FFF7F2FF2168A568A06AA269022388
:1052000084F851300B6823F040030B6063682B4334
:10521000E5682B4325692B4365692B43E5692B43DF
:10522000256A2B43034302F400752B430B60120CD9
:10523000636AB0F5005F02F0040242EA030208BFAD
:10524000E36A4A6008BF0B61CB6923F40063CB615A
:1052500000200123606584F8513038BD012038BD3D
:105260002DE9F3411E4690F85030012B04460D46BF
:10527000904600F0BA80012380F85030FDF762FFBD
:10528000074694F85100C0B2012840F0AC80002DD0
:105290005FD0B8F1000F5CD0032384F851300023B5
:1052A0006365A363A4F83680A387E38763642364FC
:1052B000A36822682563B3F5004F08BF1368A4F8FC
:1052C000348004BF43F480431360A36AB3F5005FE6
:1052D00009D1136823F400531B041B0C13601368DB
:1052E00043F40053136013685B065EBF136843F01A
:1052F00040031360E368B3F5006F63683AD11BB1F4
:10530000E38E9BB2012B06D135F8023BD360E38ECE
:10531000013B9BB2E386E38E9BB283B93A463146AA
:105320002046FFF713FF98B93A4631462046FFF76B
:1053300044FF002840D020236365012009E0236852
:105340009A68900703D535F8022BDA60DFE74EB98B
:105350000320012384F85130002384F8503002B038
:10536000BDE8F081711CD6D0FDF7ECFEC01B864273
:10537000D1D8EDE71BB1E38E9BB2012B06D115F816
:10538000013B1373E38E013B9BB2E386E38E9BB23A
:10539000002BC3D023689A68920703D515F8012B18
:1053A0001A73EFE7002ED3D0731CEFD0FDF7CAFEBF
:1053B000C01B8642EAD8CBE7A36833B901932368C0
:1053C000DA6801929B680193019BA36AB3F5005FC1
:1053D00001BF2268136843F480531360606D00308E
:1053E00018BF0120B5E70220B3E70220B7E72DE997
:1053F000F04385B099460023ADF80A3090F850305C
:105400000C9E012B04460D46904600F04581012379
:1054100080F85030FDF796FE94F851306168DBB2A9
:10542000012B07460AD0B1F5827F40F03381A26894
:10543000002A40F02F81042B40F02C81002D00F039
:105440001B81B8F1000F00F01781B9F1000F00F0D7
:10545000138194F85130C4F83880012B04BF052320
:1054600084F851300023636523646364A36AA4F85D
:105470003E90B3F5005FA4F83C902563A4F8369005
:10548000A4F83490236809D11A6822F40052120457
:10549000120C1A601A6842F400521A601A68500618
:1054A0005EBF1A6842F040021A60E268B2F5006F0F
:1054B0006BD119B1E28E92B2012A06D135F8022BD6
:1054C000DA60E38E013B9BB2E3864FF00109E38E85
:1054D0009BB2B3B9E38F9BB29BB9A36AB3F5005FEC
:1054E00040F0AE8001220097334611462046FFF778
:1054F00045FE002800F09D80636D43F00203636564
:1055000035E0B9F1000F1BD0E38E9BB2C3B1226826
:105510009368990714D535F8023BD360E38E013BBD
:105520009BB2E386E38E1FFA83F9B9F1000F29D10C
:10553000A16AB1F5005F03D1116841F48051116097
:10554000E38F9BB263B123689A68D20708D5DB6802
:1055500028F8023BE38F013B9BB2E3874FF0010940
:10556000701CB4D0FDF7EEFDC01B8642AFD80325FA
:10557000012384F85130002384F85030284605B0C8
:10558000BDE8F0834FF00009DAE719B1E28E92B27C
:10559000012A06D115F8012B1A73E38E013B9BB249
:1055A000E3864FF00109E38E9BB21BB9E38F9BB2F8
:1055B000002B92D0B9F1000F21D0E38E9BB2F3B152
:1055C00023689A6891071AD529781973E38E013BED
:1055D0009BB2E386E38E1FFA83F96A1CB9F1000FD0
:1055E0000AD1A16AB1F5005F04D12068016841F4D5
:1055F00080510160154602E015464FF00009E38F27
:105600009BB273B123689A68D2070AD5DB6888F821
:105610000030E38F013B9BB2E38708F101084FF0B4
:105620000109731CBFD0FDF78DFDC01B8642BAD89F
:105630009DE72368DB689BB2ADF80A30BDF80A30FD
:105640002268956815F0100507D0636D43F00203DA
:1056500063654FF6EF73936001253A463146204665
:10566000FFF774FD002882D13A4631462046FFF705
:10567000A4FD18B120236365012579E7A368002BF9
:105680007FF476AF03932368DA6803929B680393F1
:10569000039B6DE702256BE702256FE72DE9FF41CC
:1056A0001D460023ADF80E304368B3F5827F0446F3
:1056B0000E4690460CD1836853B9042380F85130CC
:1056C000134600950A46FFF792FE04B0BDE8F0814C
:1056D00094F85030012B00F0CD80012384F8503035
:1056E000FDF730FD074694F85100C0B2012840F0A4
:1056F000BF80002E7DD0B8F1000F7AD0042384F84B
:105700005130002363652363A4F83E80A386E386BB
:1057100023646364A36AA663B3F5005FA4F83C80C6
:1057200023680DD11A6822F400521204120C1A6078
:105730001A6842F400521A60E28F013A92B2E2878C
:10574000A268B2F5004F02BF1A6822F480421A60C4
:105750001A6851065EBF1A6842F040021A60E36898
:10576000CBB1E38F9BB2D3B123689A68D0074FD5F2
:10577000DB6826F8023BE38F013B9BB2E387F0E74F
:1057800023689A68D20732D51B7B06F8013BE38F6A
:10579000013B9BB2E387E38F9BB2002BF0D1A36A5E
:1057A000B3F5005F45D12268136843F4805313605A
:1057B000012200972B4611462046FFF7DFFCB8B9BF
:1057C000E368B3F5006F23684FF001020BBFDB689D
:1057D0001B7B3380337000972B4611462046FFF722
:1057E000CDFCF8B1636D43F00203636500E03DB9A1
:1057F0000320012384F85130002384F8503064E7FB
:105800006B1CC8D0FDF79EFCC01B8542C3D8EFE7D8
:10581000002DEDD0691CA4D0FDF794FCC01B85427F
:105820009FD8E5E72368DB689BB2ADF80E30BDF882
:105830000E306368B3F5827F23680AD1A268B2F59F
:10584000004F02D0B2F5806F03D11A6822F04002F7
:105850001A609A68D20606D5626D42F0020262654D
:105860004FF6EF729A60606D003018BF0120C0E7FC
:105870000220BEE7022028E7704700002E4A036896
:10588000904212D0B0F1804F0FD0A2F57C429042EE
:105890000BD002F58062904207D002F58062904200
:1058A00003D002F5784290421DD14A6823F070037C
:1058B0001343214A904204D1CA6823F4407313432E
:1058C00028E0B0F1804FF7D01C4A9042F4D002F5A6
:1058D00080629042F0D002F580629042ECD002F5F6
:1058E00078429042E8D0164A9042E5D002F58062B4
:1058F0009042E1D002F580629042DDD0A2F598326C
:105900009042D9D002F580629042D5D002F58062F3
:105910009042D1D003608B68C3620B688362064BF0
:10592000984206D003F58063984202D00123436178
:1059300070470B690363F9E7000001400004004071
:105940000040014010B50446A0B190F8393003F092
:10595000FF021BB980F83820FFF78EFF022384F87E
:1059600039302068211DFFF789FF012384F8393081
:10597000002010BD012010BD036A10B501248C4029
:1059800023EA04030362036A8A401A43026210BDD9
:1059900010B5044601220068FFF7EEFF2368084AAD
:1059A000934203D002F58062934203D15A6C42F4D1
:1059B00000425A641A6842F001021A60002010BDC9
:1059C00000000140FFF7E4BF2DE9F0470668C26818
:1059D0003369C16923F44053134333610446836838
:1059E0000069F2680343606922F41642034322F01F
:1059F0000C020B431343F3607369A26923F44073F1
:105A00001343B1F5004F73617A4B7CD19E4203D0B2
:105A100003F580639E4244D1FEF7DAFD192505FBAC
:105A200000F360684FF064094000B3FBF0F3B3FB90
:105A3000F9F34FEA0318FEF7CBFD636868435B0098
:105A4000B0FBF3F7FEF7C4FD636868435B00B0FB8F
:105A5000F3F3B3FBF9F309FB1373DB003233B3FB4E
:105A6000F9F35B0003F4F877FEF7B2FD6268684370
:105A70005200B0FBF2FAFEF7ABFD636868435B00CF
:105A8000B0FBF3F3B3FBF9F309FB13A3DB003233F1
:105A9000B3FBF9F303F0070343443B44B360BDE8B1
:105AA000F087FEF785FD192505FB00F360684FF0D0
:105AB00064094000B3FBF0F3B3FBF9F34FEA0318BA
:105AC000FEF776FD636868435B00B0FBF3F7FEF713
:105AD0006FFD636868435B00B0FBF3F3B3FBF9F35E
:105AE00009FB1373DB003233B3FBF9F35B0003F400
:105AF000F877FEF75DFD626868435200B0FBF2FA8A
:105B0000FEF756FDB9E79E4202D03B4B9E4240D184
:105B1000FEF75EFD676819254FF0640905FB00F389
:105B2000BF00B3FBF7F3B3FBF9F31F01FEF750FD22
:105B3000636868439B00B0FBF3F8FEF749FD6368B8
:105B400068439B00B0FBF3F3B3FBF9F309FB13834A
:105B50001B013233B3FBF9F303F0F008FEF738FD15
:105B6000626868439200B0FBF2FAFEF731FD6368A9
:105B700068439B00B0FBF3F3B3FBF9F309FB13A3FA
:105B80001B013233B3FBF9F303F00F0343EA0803BD
:105B900083E7FEF70DFD676819254FF0640905FBE3
:105BA00000F3BF00B3FBF7F3B3FBF9F31F01FEF7FC
:105BB000FFFC636868439B00B0FBF3F8FEF7F8FC5A
:105BC000636868439B00B0FBF3F3B3FBF9F309FB95
:105BD00013831B013233B3FBF9F303F0F008FEF734
:105BE000E7FC626868439200B0FBF2FAFEF7E0FC63
:105BF000BDE700BF0010014000140140704710B520
:105C0000044640B390F8393003F0FF021BB980F826
:105C10003820FFF7F3FF2268242384F83930D36853
:105C200023F40053D3602046FFF7CEFE23681A69A1
:105C300022F490421A615A6922F02A025A61DA6803
:105C400042F40052DA6000202023E06384F8393007
:105C500084F83A3010BD012010BD00000FB407B524
:105C6000064B07491B6805AAD868019204F0F8F8AA
:105C700003B05DF804EB04B0704700BFD408002007
:105C8000F83D01080268136823F0400310B5136063
:105C90000446FFF7A3FA10B1054801F08DFCA36894
:105CA00023B92268136843F04003136010BD00BF9E
:105CB000313E01082DE9F04F884687B00446594926
:105CC000BDF94060404615461F4600F069FD564943
:105CD0008146284600F064FD54490190384600F0A2
:105CE0005FFD53498246304600F05AFD019B8346D2
:105CF0001946484600F02EFD59468146504600F0B0
:105D000029FD0146484600F025FDE065013004D13B
:105D10006F224849484800F0D1FE484BE26D9A4254
:105D20004FF000034BD10293454B5A6C42F4805222
:105D30005A645B6C03F480530293029B232384F820
:105D400058303849404600F0E1FC3749284600F019
:105D5000DDFC3649384600F0D9FC731CA4F86050CD
:105D6000A4F86280A4F86470A4F8666057D0304943
:105D7000304600F0CBFC4FF48023A361E36D236039
:105D800001354FF4827308BF4FF4004263604FF057
:105D90003803E36108BFA2604FF000034FF0070231
:105DA00018BFA36063612361A362E262E3602362C0
:105DB00063622046FFF766FF07B0BDE8F08F214918
:105DC0008A420CD103931E4B1A6C42F480421A642F
:105DD0001B6C03F480430393039B2423AFE71A490E
:105DE0008A420CD10493164B1A6C42F400421A6496
:105DF0001B6C03F400430493049B33239FE7134974
:105E00008A429ED105930E4B5A6C42F400525A645A
:105E10005B6C03F400530593059B54238FE74FF409
:105E20000073AAE7E8430108944301086C440108A1
:105E3000D8440108473E0108A43E01080030014053
:105E40000038024000380040003C0040003401406F
:105E500010290CBF4FF400610021012A10B504463F
:105E6000C16023D0022A24D032BB02616261A269E0
:105E7000B2F5007F05D0002B14BF00224FF4802222
:105E8000A261002B14BF00234FF48273636008D01B
:105E9000A368B3F5004F04D10948FFF7DFFE0023E4
:105EA000A3602046BDE81040FFF7ECBE0021016171
:105EB000DCE702610022D9E7022202610122D5E774
:105EC000F83D010870B504460E46FEF71DFA0023A2
:105ED000022290FBF2F0B042DDB203DD0133082B69
:105EE00009D10725054B33F81530E3612046BDE89D
:105EF0007040FFF7C7BE90FBF2F0ECE79047010857
:105F000007B583680191B3F5004F024607D10A2314
:105F1000012201A9FFF7A4F903B05DF804FBC36DEA
:105F200099688907FCD5D168019AB1F5006F0CBF5B
:105F300092B2D2B2DA609A68D207FCD5D868B1F5CD
:105F4000006F0CBF80B2C0B2E6E72DE9F84F0A9EA1
:105F500084689DF82CB09642354680468A4617469E
:105F60009946B8BF154694B9AC4202DB2846BDE855
:105F7000F88FBC42B4BF1AF8041059464046FFF7E8
:105F8000BFFFB442B8BF09F804000134ECE73AB1EE
:105F90000A23534392B2FFF763F9002818BF002584
:105FA000002EE3D00A237343B2B249464046FFF7BE
:105FB00075FB002818BF0025D8E700000D4AD2F86D
:105FC000883043F47003C2F888300B4B1A68002104
:105FD00042F001021A6099601A6822F0847222F479
:105FE00080321A60054A5A601A6822F480221A60C8
:105FF000D960704700ED00E0003802401030002406
:10600000F0B5ADB02C4B002101911A6C42F08052DA
:106010001A641B6C03F080530193019B274B029180
:106020001A6842F440421A601B6803F4404302932A
:10603000029B01230893002839D14FF48033099340
:106040004FF480030F934FF4B47302250826119385
:1060500008A807230E951096129513931495FEF732
:1060600035FD38BBFEF7CEF9074618BB4FF4C073B9
:106070001C934FF48073159315A84FF000632A9377
:106080001B961D96FEF7D2FA0F2303934FF4A053ED
:10609000069305214FF4805303A8049505970793B1
:1060A000FEF7ECF9B0FA80F040092DB0F0BD4FF4E6
:1060B000A023C4E70020F8E7003802400070004049
:1060C00030B5ADB00023294A0193116C41F08051E5
:1060D0001164126C02F080520192019A244A0293D8
:1060E000116841F4404111601268099302F4404282
:1060F0000292029A0F9303224FF4B4730892012282
:1061000002240B9211931022062308A80C920E94DD
:10611000109212941393FEF7D9FC10B100202DB009
:1061200030BDFEF76FF905460028F7D108231B9311
:106130001D934FF48073C022159315A84FF0006390
:106140001C922A93FEF772FA0F2303934FF4A05385
:10615000069305214FF4805303A8049405950793F3
:10616000FEF78CF9B0FA80F04009D8E70038024019
:106170000070004008B50120FFF742FF38B9FFF773
:106180009FFF20B90248BDE8084001F015BA08BDDC
:10619000BF3E0108174A1849936803F00C03042B0B
:1061A00010B50DD0082B0DD0144B0B60114B144AB9
:1061B0009B68C3F30313D25C0B68D3400B6010BD24
:1061C000104BF2E75468506852686302C2F38812B9
:1061D00000F03F004CBF0B4B084BB3FBF0F35343B5
:1061E000044A5268C2F3014201325200B3FBF2F397
:1061F000DBE700BF003802405C0600200024F4000A
:10620000A047010800127A00074B084A13601A6978
:10621000910707D5DA68920704D56FF002021A6178
:1062200000F08AB9704700BF000C0040542D0020D8
:1062300000487047B847010830B589B001A903A8E4
:10624000FEF7D6F9FEF7B4F9002302931E4B019036
:106250001A6C1E4C42F008021A641A6C02F0080212
:106260000292029A1A6A42F008021A621A6A22F02C
:1062700008021A62069AA3F50B3323604FF0FF332E
:10628000E360134BF2B9B0FBF3F001380025606016
:106290000E482561A5606561FFF754FB0D4B0E4A62
:1062A0009B680A48C3F808210C4B4FF480225A60BF
:1062B0002946FFF787FB2268D36823F00203D360E7
:1062C00009B030BD4000DEE700380240542D002008
:1062D00040420F0000ED00E00962000800E100E02C
:1062E000014B586A704700BF000C0040054B1B680B
:1062F0006FF0020258631A61DA6842F00202DA6053
:10630000704700BF542D0020064B1B686FF002023F
:106310001A615A6942F002025A61DA6842F00202D6
:10632000DA607047542D0020034B1A68D36823F0BD
:106330000203D360704700BF542D0020FFF7F4BF65
:10634000024B1B686FF002021A617047542D002047
:1063500003689B6818470000094B10B500220360D2
:106360000023C0E90223002303614361044600F0D7
:10637000DFF80449A06100F059FF204610BD00BFBE
:10638000C84701085163000807B5009000F10801F3
:10639000806900F08AFF03B05DF804FB00F108019A
:1063A000806900F0ABBF000010B5034B03600446EA
:1063B000FFF7F4FF204610BDC847010870B5D0E9CB
:1063C0000823D0E90245064612196B41FFF7DCFFAE
:1063D000736B2BB106F128001B68BDE870401847AD
:1063E00070BDD0B5044616461F4600F07DFD204620
:1063F000FFF7D4FFC4E90867A06900F09AFF3218DC
:1064000047EB01032046FFF7BFFFBDE8D04000F097
:1064100081BD7FB5044600F067FD2046FFF7BEFF53
:10642000636B13B194F83830E3B904F128066D4674
:1064300010220021684604F023FFAE420BD0304604
:10644000FAF708FB3EB1039B1BB15B686946304617
:106450009847039B63632846FAF7FCFA00F05AFD5D
:1064600004B070BD00F00CFBDFE700001FB5436B0C
:10647000044600F1280113B15B6868469847636BD6
:1064800003932046FFF7C5FF039B2BB940F2392247
:106490000649074800F012FB039B68461B689847B3
:1064A0006846FAF7D7FA04B010BD00BFD33E010822
:1064B0002E3F010870B50E4604461546FCF740FC19
:1064C000013609D020460021FCF75EFC2946204613
:1064D000BDE87040FCF754BC70BD38B504460D46AD
:1064E00003685AB18268136020460121FCF74CFC16
:1064F00029462046BDE83840FCF742BCC2681B0470
:10650000F1E70022FFF7D6BF70B50E4604461546E8
:10651000FCF716FC013606D02A4620460021BDE8CD
:106520007040FFF7DABF70BD0022FFF7EDBF00003B
:1065300000487047FC470108024B1B680BB102483A
:106540001847704760060020FC4701087047A0F11B
:10655000BC00FFF7FBBFA0F1BC00FFF7F7BF00F0E6
:10656000B7BBA0F1BC00FFF7FABF00F0B4BBA0F1CD
:10657000BC00FFF7FABF000038B504461D46049B77
:1065800000F0B0FB294604F1BC0001F055F9064BC0
:1065900003F10802226003F128028833C4F8BC200A
:1065A000C4F8C030204638BD204801080346024ADE
:1065B0002030FCF7D5BC00BFE9660008F8B50546F9
:1065C000134B45F8043B04460F4610261C220021BD
:1065D000284604F055FE3246002104F1200004F064
:1065E0004FFE3246002104F1300004F049FE3246ED
:1065F000002104F1400004F043FE39462046FFF735
:10660000D5FF28463946FFF77CFF2046F8BD00BF7E
:10661000B848010810B5084B044640F8203BFCF789
:1066200061FD04F14000FAF715FA04F13000FAF7C1
:1066300011FA204610BD00BFB848010810B5044645
:10664000FFF7E8FF2046FDF734F8204610BD8842EA
:1066500038B504460D460AD0FAF7FCF93CB1EB68B0
:106660001BB15B68294620469847EB68E3602046EB
:1066700038BDF0B50F4685B0044600F035FCFD6826
:1066800004F13006203465B139463046FFF7DFFFAC
:10669000012201212046FCF7EBFB00F03BFC05B09A
:1066A000F0BD10222946684604F0EAFD69463046EE
:1066B000FFF7CDFF6846FAF7CDF92A46E9E7000073
:1066C000C36810B504462BB940F239220449054885
:1066D00000F0F4F9E36820461B68BDE81040184755
:1066E000D33E01082E3F0108012908B502D0022936
:1066F00006D008BDC36B13B13030FFF7E1FF08BD12
:10670000C36C002BFBD04030F7E7000013B5044604
:1067100001300FD102B010BD9C420AD120468968D9
:10672000FDF712F90021204602B0BDE81040FDF748
:10673000A3B90C31B1F900305A1CEDD100230093FC
:1067400022460249024800F059FFE3E7643F01088E
:1067500030010180884207B502460BD0431C09D0A6
:1067600001310BD0002306490093064800F046FF94
:106770004FF0FF31084603B05DF804FB0146F9E72E
:10678000333F010830010180B1F900305A1C01D1BA
:1067900018467047834201D1486870470C31F3E7CF
:1067A000421C13B504460BD0FFF7EEFF431C044612
:1067B00006D10023024600930349044800F01EFF5F
:1067C000204602B010BD00BF443F010830010180E7
:1067D00010B480B1146853680CB9DA070BD513F004
:1067E000010F4FEA63031CBFC258145918442346D3
:1067F0005DF8044B18475DF8044B7047064B196869
:106800001A1D01B91A601B68934204D05E22034925
:10681000034800F053B970476C290020C43A0108BE
:10682000233B010870B50A4D2B68834204460ED005
:10683000061DD0F8D020D0F8CC1000233046FFF74A
:1068400007FBD4F8D4103046FFF73CFB2C6070BD3A
:1068500074290020036870B59B6804460D461646EF
:1068600098470C4BC4F8CC501B68C4F8D0609C42CD
:106870000BD1002332462946201DFFF7E9FA236891
:106880002046DB68BDE8704018472046FFF7CAFF86
:10689000F5E700BF7429002038B5036804469B68FB
:1068A0000D4698472046FFF7BDFF2946201DFFF7FC
:1068B00027FB23680546DB6820469847284638BDF5
:1068C000F7B51F46036804469B680D461646984771
:1068D0002046FFF7A7FF94F8D8300193089B009358
:1068E00029463B463246201DFFF72FFB236805460D
:1068F000DB6820469847284603B0F0BD2DE9F043F9
:1069000006469946274B46F8043B85B004460025C9
:106910000F46904600219022304604F0B1FC04ABB3
:106920000295039513E9030004F198021E4B82E8D7
:106930000300C4F8A03048F20703C4F8A4301B4B8E
:10694000C4F8AC50C4F8A840C4F8B020C4F8B430BF
:10695000BFF36F8FBFF34F8F1022294604F1B800A9
:1069600004F08EFC0823C4F8CC30114BC4F8D430AA
:10697000FF2384F8D830BDF93030009342464B46AF
:106980003946304684F8C85084F8C950C4F8D0500D
:10699000FFF790F92046FFF745FF204605B0BDE818
:1069A000F08300BFC848010801A090E8D167000843
:1069B00040420F00C36810B504460BB19B6898476E
:1069C000204610BD38B5044648B15830A04206D024
:1069D000A0F12C051438FFF7EDFF2846F6E7204616
:1069E00038BD38B500250446294640F8045B282206
:1069F00004F046FC1022294604F1180004F040FC83
:106A0000204638BD10B50A4C2046FFF7EAFF04F1D6
:106A10002C00FFF7E6FF0023A3652046E365054A47
:106A200084F860300449BDE81040FCF7D5BC00BFD5
:106A300008290020C8010020C569000813B50D4CC5
:106A400000F052FA22884FF6FF739A4208D100F004
:106A500061FA0023228800930749084800F0CEFD20
:106A60000121044800F064FA02B0BDE8104000F0D3
:106A700051BA00BF78290020753F01082301048026
:106A800037B50B4D00F030FA2C8844B900F042FACB
:106A90002A88009423460749074800F0AFFD0121EA
:106AA000034800F04FFA03B0BDE8304000F032BABE
:106AB000782900209A3F01082401048070B504461B
:106AC0000D46164600F010FA33462A462146034882
:106AD000FCF7A6FBBDE87040FCF74CBBB83F0108D3
:106AE00009B9C82805D010F0030F0CBF0120002001
:106AF0007047084670470000F8B507460E4641B398
:106B000038B34469A4F14605882D22D8036841684A
:106B100080684FF4616E0EFB00F04FF03C0E0EFBF0
:106B200001011944FB681848013B00FB031311469F
:106B30002046FFF7D5FF3F690C2101FB0070134988
:106B400051F82010CE2C0B4409D122B910498B42A8
:106B500007D90020F8BD012A03D10E49F7E7462CDA
:106B60000FD0611E8910A1F111001AB9C82CC8BF3D
:106B7000A1F1120040F26D1202FB0505024A02FB70
:106B8000053333600120F8BD80510100E048010861
:106B90007F223100FFD02F0070B50B4600295AD05C
:106BA0003C21B0FBF1F501FB15041C60B5FBF1F4D1
:106BB00001FB1451182559604FF46161B0FBF1F1EC
:106BC000B1FBF5F405FB14119960244CB0FBF4F40F
:106BD0000721201DB0FBF1F1C1EBC101411A996100
:106BE000462159615D6911462846FFF779FF38B1A2
:106BF000B4F5B77F0DD301355D61A4F5B774F1E746
:106C0000B4F5B67F05D901356FF4B6715D610C44FA
:106C1000E8E7124A1249DC61302554430B221A611D
:106C200005FB0015002255F82260B4420FD2013A4C
:106C30001A611A690C2505FB0020084A51F820004A
:106C4000241AB4FBF2F40134DC60012070BD01327F
:106C50000C2AE8D1EDE7084670BD00BF8051010065
:106C6000E04801087047704710B480B11468536859
:106C70000CB9DA070BD513F0010F4FEA63031CBF01
:106C8000C2581459184423465DF8044B18475DF860
:106C9000044B7047090170B501F198050544EB6894
:106CA00083B14418D4F8A4302BB940F239220649F4
:106CB0000648FFF703FFD4F8A43028461B68BDE858
:106CC0007040184770BD00BFD33E01082E3F010839
:106CD0004C30FDF7F5BA10B54C300C46FDF702FB11
:106CE000204610BD2DE9F04F87B000259246009553
:106CF00002460195044689469B469DE80300324BB7
:106D000042F8083B314B82E80300236148F2070355
:106D100063612F4BE561A46122626362BFF36F8FF1
:106D2000BFF34F8F102284F8285084F8295004F1C3
:106D30002C0004F0A5FA04F14C062946102204F1B7
:106D40003C0004F09DFA04F1980829464C22304694
:106D500004F096FA04F1A80729461022404604F0F0
:106D60008FFA29461022384604F08AFA1022294662
:106D7000C4F8B8B002A804F083FA02A94046FFF7AD
:106D800066FC02A8F9F766FE1022294602A804F064
:106D900077FA02A93846FFF75AFC02A8F9F75AFE1B
:106DA000524649463046FDF7BBF8D4F8B810304695
:106DB000FDF77EF8304622460649FDF705FA2046E3
:106DC00007B0BDE8F08F00BF4849010801A090E876
:106DD000696C0008956C00082DE9FF41064688465D
:106DE00056F84C3B17461B6805463C01984700F097
:106DF0007BF8D8F80C3098342C44ABB1E3680BB96D
:106E0000FFF71CFE41462046FFF721FC01223946D0
:106E10003046FDF7E5F900F07DF82B6828465B6801
:106E2000984704B0BDE8F081E3680BB1FFF728FE96
:106E300010220021684604F023FA69462046FFF735
:106E400006FC6846F9F706FE0022E0E77FB51A4B1C
:106E50000360044610220021684604F011FA002263
:106E600069462046FFF7B8FF6846F9F7F3FD1022A0
:106E70000021684604F004FA012269462046FFF723
:106E8000ABFF6846F9F7E6FD14F1980608D004F167
:106E9000B805B54204D0103D2846F9F7DBFDF8E708
:106EA00004F13C00FFF786FD04F12C00FFF782FDA2
:106EB000204604B070BD00BF4849010810B5044623
:106EC000FFF7C4FF2046FCF7F4FB204610BDEFF3AC
:106ED0001080C04300F001007047EFF305800030E0
:106EE00018BF01207047000010B5074C236801331C
:106EF00004D1552205490648FFF7E0FD00F00AFDE0
:106F000023680133236010BD7C290020E93F01087C
:106F10003E400108054B1A6832B11A68013A1A60FE
:106F20001B680BB900F008BD704700BF7C2900202A
:106F3000D0E85F3F0B449BB2C0E8523F002AF7D134
:106F400018467047D0E85F3F5B1A9BB2C0E8523FDB
:106F5000002AF7D1184670472DE9F74F90E808044A
:106F600004465B68984763681B6A98423FD0DAF82A
:106F70002030DAF80840CAF82000A0EB0308DAF85D
:106F80000C30314808EA0308844246464FF00007B7
:106F900027D0DAE90A239AF83AB0A8FB0089CDE9AC
:106FA00000230025BBF1000F2BD05A46404649462E
:106FB0000AF022F8DDE9002312EB080243EB090393
:106FC00090465A46994606460F460AF021F8B8EB15
:106FD000000069EB0101A94208BFA0420AD2CAE938
:106FE0000A01DAE90C23B6185F41CAE90C6703B05D
:106FF000BDE8F08F013647F10007001B61EB05018A
:10700000EDE722462B46404649460AF0C1FC22469F
:1070100006460F46404649462B460AF0B9FCDDE9D4
:10702000008918EB020849EB0309A94508BFA045F0
:1070300002D2CAE90A89D4E7013647F10007B8EB62
:10704000040869EB0509F4E740420F00824206D9C3
:107050008A420BD9884294BF0020012070478842A1
:1070600006D98A428CBF002001207047012070475A
:10707000002070472DE9F047466896F839300746FA
:10708000002B5BD1FFF768FF7D68D7F800A06B6825
:10709000002B49D0D5E90C89D3E90001894508BF07
:1070A000804504D3DAF81430BDE8F0471847D5E935
:1070B0000623B0EB080861EB09094B4508BF4245C0
:1070C0002C6906D3AB681E4A934219D1444528BFA8
:1070D00044462A6A336A1444EA681440A342E1D061
:1070E000DAF81030204698473B685B68984722469C
:1070F0000146306AFFF7AAFF00B33B685B69D3E73C
:1071000095F83A205AB14046494609F081FF0C4AA9
:1071100000230AF03DFC844228BF0446D9E7A3FBC4
:10712000080103FB0911F2E73369306AF268184479
:107130001040DAF81030BDE8F0471847BDE8F08796
:1071400040420F002DE9F04F0368054685B01B68EB
:1071500098472B689B699847066804462EB92922F0
:107160002F493048304EFFF7A9FC1F23012202FAB5
:1071700003F1B1425FFA83FB02D0013BF7D19B469A
:10718000D4F804A0AAF104031C2B06D93722244901
:107190002448FFF793FC4FF0200AAAF104030727C5
:1071A00016F1FF3007FA03F71F4C4FF0000343F1CD
:1071B000FF313246C4FB07010AF0EAFB6C682A681B
:1071C00000232360636052680393CDE90001904778
:1071D00020626C684FF000084FF000095246C4E985
:1071E0000A89A66084F83AB00120002109F010FF56
:1071F000DDE90023C4E90623039B84F83930013814
:107200000123E06027612846C4E90C8984F83830FE
:10721000FFF7A2FE284605B0BDE8F04FFFF72ABFF2
:107220006F4001081C41010840420F0038B5436817
:1072300093F8383004460D460BB9FFF783FFFFF78C
:1072400053FE63681D60BDE83840FFF763BE70B54C
:107250000446FFF749FE2368DB689847636801220C
:1072600083F8392063685B68A3B12046FFF774FE9A
:1072700065686E68D5E90C01D6E90023994208BF1C
:10728000904207D3F3686B602B68002BEAD0B0689C
:107290009847E7E763680022204683F83920FFF724
:1072A000E9FEBDE87040FFF735BE2DE9F0418046AC
:1072B0000C4616461F46069DFFF716FE4046FFF792
:1072C0004BFED8F80420A560C4E900675368002588
:1072D0004BB9E36085B954604046FFF7CBFEBDE88B
:1072E000F041FFF717BED3E900018F4208BF864285
:1072F000EFD31D46DB68EBE7EC60F0E738B50546F9
:107300000C46FFF7F1FD6A685368A34209D1DB68B8
:1073100053602846FFF7AEFEBDE83840FFF7FABDE0
:107320001346002BF8D0DA689442F9D1E268DA60AB
:10733000F2E7436893F8383010B504460BB9FFF70D
:1073400001FFFFF7D1FD2046FFF706FEFFF7E2FD44
:107350006368D3E90C0110BD08B5FFF7EAFF08BD6B
:1073600070B50E4600250446056045600F4930465D
:1073700004F03CF80644266023681A782F2A0ED1C0
:107380000133236025B9292209490A48FFF796FBF2
:107390002946304600F0D6F96060204670BD002ACC
:1073A000F0D0013301352360E6E700BFC14001089A
:1073B000C34001081541010800687047406808B5DE
:1073C00020B100F06FF9431E5842584108BD10B576
:1073D0000446FFF7F3FF10B1606800B1043810BD38
:1073E000406808B520B100F05DF9B0FA80F04009BE
:1073F00008BD10B50446FFF7F3FF10B1606800B197
:10740000043810BD4068003018BF0120704770B5C7
:107410000446FFF78DF80646FFF79EFF0546304607
:10742000FFF79AFF401BA042F9D370BD07EE100A88
:10743000DFED047A67EE277AFDEEE77A17EE900A21
:10744000FFF7E5BF002474494FF47A735843FFF700
:10745000DEBF00002DE9F0411B4C1C4E237836EABC
:10746000200628BF0646012B8EB00F46904600D15D
:10747000FEE7174DFFF738FD01232370FFF74AFDA4
:107480002B6800220133342101A82B6003F0F8FEA1
:107490002B680196012BCDF80880039704D1342284
:1074A00001A90C4804F03CFA342201A90A4804F06E
:1074B00037FA0A4B1B680BB1074898470020207029
:1074C0000EB0BDE8F08100BF882900200101FF80D7
:1074D000802900208C290020C02900208429002038
:1074E00073B5274C2168C1F34173032B0CBF4D4288
:1074F0008DB2C1F307432A4606462248FBF790FEA9
:107500006FF498731D44072D09D8DFE805F00423B4
:1075100026292C322F35A1681B48FBF781FE304607
:10752000FBF77EFE61681948FBF77AFEA1681848F0
:10753000FBF776FEE3690193A369009304F10C0164
:107540000EC91448FBF76CFE134802B0BDE870404A
:10755000FBF766BEA1681148DFE7A1681048DCE7C9
:10756000A1681048D9E7A1680F48D6E7A1680F487D
:10757000D3E7A1680E48D0E7A1680E48CDE700BF69
:10758000C02900203341010884410108114201084B
:10759000214201083442010883420108994101084F
:1075A000A8410108B6410108C8410108DB410108B2
:1075B000EE410108FC4101080FB437B50C4D2978A4
:1075C000724679B90B48FFF745FF0B48FFF788FF74
:1075D000012407A906982C700191FBF7F7FD2046BE
:1075E000FBF7FCFE03B0BDE8304004B0704700BFBD
:1075F000882900200001FF801E41010810B50C46BB
:1076000011467246FFF726FF68B92046FFF768FF6C
:10761000FFF763FC10B9FFF75AFC08B930BFFDE76C
:107620000120FBF7DBFE014810BD00BF0F01FF800A
:1076300010B504460748FCF73FF8074B1B6803B139
:107640009847064B1B680BB1204698470148FCF74A
:1076500033F810BDF42900206C06002064060020D9
:1076600038B505460C48FCF727F80C4B1B681BB1D6
:10767000984708B9FFF7DCFF094B1B6843B19847EF
:10768000044605B12C600448FCF716F8204638BDC6
:107690004FF0FF34F5E700BFF42900206806002012
:1076A00070060020007B704738B504460A4B036023
:1076B000002343600D46A16002730848FBF7FCFFFE
:1076C00045B1074B1A6862601C600448FBF7F4FF81
:1076D000204638BD6560F8E760490108002A0020AF
:1076E000FC29002010B50F4B036004460E48FBF741
:1076F000E3FFA3682BB10D4A13689C420CD1636869
:1077000013600948FBF7D8FF237B13B9201FFBF751
:10771000E9FF204610BD13465A689442FBD16268C7
:107720005A60EEE760490108002A0020FC29002089
:1077300010B50446FFF7D6FF2046FBF7BAFF2046F8
:1077400010BD000070B506460C480D46FBF7B4FFAF
:107750000B4B1C685CB1A06870B12A46314603F03F
:10776000D3FD48B9A06804F08BF9854204D10348E1
:10777000FBF7A2FF204670BD6468EBE7002A0020FB
:10778000FC2900200020704770477047F8B5036857
:107790001B6D0E4604468F1898473546BD4207D0EC
:1077A000236815F8011B9B6C204698470130F5D1E2
:1077B000236820465B6D9847A81BF8BDF8B50368A1
:1077C0001B6D0E4604468F1898473546BD4208D0BB
:1077D00023682046DB6C9847431C02D005F8010B58
:1077E000F4E7236820465B6D9847A81BF8BD00208E
:1077F00070477047002070470020704710B5054B58
:1078000003605033044640F8043FFFF76BFF204607
:1078100010BD00BF70490108A0F10400EEE700BFF1
:1078200010B50446FFF7EAFF2046FBF742FF20466B
:1078300010BDA0F10400F3E7104B13B5002204467D
:1078400040F8043BFFF730FF0D4B2360603363606B
:10785000002363610B492046FBF78EFF03466061FE
:1078600020B1FBF7C0FD204602B010BD00900246DB
:1078700005490648FFF7C2FEF5E700BF404A010888
:10788000D04901089D420108A04201081901018068
:1078900010B5074B03F108026833044602604360E9
:1078A000406902F09FFB2046FFF7A8FF204610BD6D
:1078B000C849010838B5036804461B6D98476069DC
:1078C00002F06AFC6069FBF791FD236805465B6D79
:1078D00020469847284638BD0EB477B5036807ADF3
:1078E000044655F8046B1B6D98476069019502F0DA
:1078F00053FC019A6069314602F0B2FA23680546EA
:107900005B6D20469847284603B0BDE8704003B041
:1079100070470000EFF31083DB4372B6044A11781E
:1079200029B9044903F001030B7001231370704758
:10793000092A0020082A002008B5EFF31083DB078E
:1079400004D4362205490648FFF7B8F8054B002253
:107950001A70054B1B7803B162B608BDB34201082B
:107960000F430108092A0020082A0020036870B587
:107970001B690122002104469847051E0DDB236880
:1079800002221B69002120469847236806462946A3
:107990001B690022204698473546284670BD0000E6
:1079A0000A22002100F0D8B8024B014618680AF0FC
:1079B000E7B900BFD4080020024B014618680AF05E
:1079C000E3B900BFD4080020024B1B680022C3E9C2
:1079D00026027047D408002010B40B4B0B481968DE
:1079E0000B4AD1F89830D1F89C4003FB00F002FB21
:1079F0000400A3FB0232013340EB0200C1E9263050
:107A000020F0004010BC7047D40800202DF45158DD
:107A10002D7F954C242B2DE9F84F42D8012B884619
:107A200019463ED091464B4A82461E46C64670468F
:107A30001EF8017BD35D13F00803F8D12D2F70D011
:107A40002B2F05BF9EF800709B469B4600F1020E4F
:107A50006FF0004361BB302F4DD00A263146002223
:107A6000B3FBF6F4104606FB143505E03CD006FBEC
:107A700000C001221EF8017BA7F1300CBCF1090FF8
:107A800006D9A7F1410CBCF1190F17D8A7F1370C93
:107A900061451CDD571CEDD08442E7D24FF0FF3228
:107AA000E8E703F047FD162303600020BDE8F88FE8
:107AB0001029D4D1302F27D00E46D0E7A7F1610C82
:107AC000BCF1190F03D8A7F1570C6145E2DC511C3A
:107AD00030D0BBF1000F0CD1B9F1000FE6D0AABB3A
:107AE000C9F80080BDE8F88F6545C0DA4FF0FF3275
:107AF000C0E74042F0E79EF8002002F0DF02582A7B
:107B000008D008263146AAE79EF8002002F0DF02DE
:107B1000582AD1D110269EF8017031460EF1020E7E
:107B20009DE79EF800704FF0004300F1020E4FF009
:107B3000010B8FE72222CAF80020B9F1000F07D00D
:107B40000EF1FF381846C9F80080CBE70346F7E787
:107B50001846ABE7894A010800B5DFF818E084460B
:107B60001346DEF800005DF804EB0A466146FFF7B5
:107B700051BF00BFD40800202DE9F04FDDB01646FC
:107B800007911C4683460E9303F052FC036817933B
:107B9000184603F075FF0822169000212CA803F068
:107BA0006FFBBBF1000F04D0DBF83430002B01F089
:107BB0000182079B5A6EB3F90C30D00740F18685DD
:107BC000990400F11487079943F4005322F40052FA
:107BD0008B814A66930402F18080079BB3F90C30D5
:107BE0001D0740F14D85079A1269002A00F048856B
:107BF00003F01A020A2A00F052859FED957B0023BC
:107C00009E46CDE91AEE8DED127BCDE9313333ABD3
:107C100030939846CDF860E0CDF864E0CDF824E0EC
:107C2000CDF844E034468C4BD3F8CC5103F0FAFB4A
:107C30002CAA0346009226A922465846A8470028A7
:107C400000F01F84C0F21484269A252A034601D02E
:107C50001C44E8E7A71B054640F0168400234FF0BC
:107C6000FF328DF88F309A460A93013423780892B8
:107C700001349946A9F120035A2B5CD8DFE813F0B0
:107C800007035B005B0003035B005B005B00E60235
:107C90005B005B00490258025B005402C9025B00B2
:107CA000C502D600D600D600D600D600D600D60033
:107CB000D600D6005B005B005B005B005B005B00F6
:107CC0005B00EE005B004B017303EE00EE00EE0084
:107CD0005B005B005B005B00C1025B005B00680255
:107CE0005B005B005B0016025B00C7035B005B0090
:107CF00034085B005B005B005B005B005B005B00CB
:107D00005B00EE005B004B013601EE00EE00EE0082
:107D10006903360132015B005F035B002503110339
:107D2000340332015B001602300193035B005B00F9
:107D300097085B003001B9F1000F00F0B883002311
:107D4000CDE90F3301228DF80C918DF88F300B9314
:107D50000C920893149343AE0692329D1AF084035A
:107D6000AE4600F0F9809DF88F201AB331980027B5
:107D7000013001220135C8F8042007280DF18F02D7
:107D8000CDE93105C8F8002000F3AA8408F10808FD
:107D900087B13198013024AA0235C8F8002007289D
:107DA0004FF00202CDE93105C8F8042000F3A784A2
:107DB00008F10808802B00F08483089B0C9A9F1A16
:107DC000002F00F3DA801AF4807F40F013810C9BBF
:107DD000C8F804301D44319BC8F800600133072BFC
:107DE0003295319300F3EA8308F108081AF0040F82
:107DF00005D00A9B069A9E1A002E00F38F84DDE9B7
:107E0000093206998A42ACBF9B185B180993002D72
:107E100040F09883002331930B9B1BB10B9958467C
:107E200009F0B2FF0DF1CC082646FBE6A9F13003BC
:107E3000002214F8019B02EB820203EB4202A9F13B
:107E40003003092BF5D90A9214E700BFAFF3008085
:107E50000000000000000000800600200E9B073399
:107E600023F00703B3EC027B8DED127B0E93139B83
:107E70008DED1E7A23F000431F93DDE91E01AF4B09
:107E80004FF0FF3209F026FD002840F0D286DDE9F0
:107E90001E01AA4B4FF0FF3209F0FEFC05460028F8
:107EA00040F0C786DDE91201002200232AF0800A93
:107EB00009F0E8FC002841F038839DF88F30B9F1D3
:107EC000470FCCBF9E4E9F4E002B41F04E860322A3
:107ED000CDE90F330B930C920893149306923CE771
:107EE0002378C5E623784AF0200AC1E61AF0200F6D
:107EF00040F094860E9A1AF0100F52F8045B41F08D
:107F000084871AF0400F0E9201F0218145F3C037AB
:107F10003B462DB237E2B9F1430F00F087871AF0E4
:107F2000100F40F083870E9B1B688DF80C310123E6
:107F300006930C9343AE0E9B329D04330E930023A5
:107F4000CDE90F338DF88F300B93089314931AF00B
:107F50008403AE467FF407AF0A9A0698171A002FDB
:107F600000F3C6849DF88F20002A7FF4FFAE089BA3
:107F70000C9A9F1A002F7FF726AF734B319A1593F7
:107F8000102F25DD294610232546079C04E0103FCD
:107F9000102F08F1080819DD01326B481031072A4B
:107FA000C8E90003CDE93121F1DD30AA2146584668
:107FB00001F0A6FF002840F0CD82103F102FDDE930
:107FC00031210DF1CC084FF01003E5DC2C460D46B5
:107FD0000132159BC8F800303D44072ACDE9312510
:107FE000C8F8047000F3F6841AF4807F08F10808DA
:107FF0003FF4EDAEB9F1650F40F3EB82DDE912011C
:108000000022002309F034FC002800F0D583319BC6
:108010004E4AC8F80020013301350122072B329562
:108020003193C8F8042000F3CA8708F10808259B9B
:10803000119A934280F2E084169B179A1D44C8E976
:108040000023319B32950133072B319300F3C9860E
:1080500008F10808119B5E1E002E7FF7C7AE102E98
:10806000319B41F352863849DDF81C9015912A4620
:1080700010270D4605E008F10808103E102E41F3C8
:10808000068001331032072BC8E90057CDE93132A1
:10809000F1DD30AA4946584601F032FF002840F091
:1080A0005982DDE931320DF1CC08E6E70E9F57F831
:1080B000046B00238DF88F30002E00F09F86B9F1FD
:1080C000530F00F089871AF010030F9340F0848754
:1080D000089B002BC1F2BD801A460F99304603F071
:1080E000CFFB9DF88F300B90002801F076850B9A1E
:1080F000921B0C9222EAE27206920BB101320692B6
:108100000F9B0E970893149310930B934FF07309E2
:1081100023E60E9B53F8042B0A92002A80F28484F3
:108120000A9A0E9352420A9223784AF0040A9FE573
:108130002B238DF88F3023789AE500BFFFFFEF7F68
:10814000904B01088C4B0108344D0108CC4B0108C1
:108150001AF0200F4AF0100000F063850E9B0733E1
:1081600023F007031A46596852F8083B0E92002282
:108170008DF88F20089A002A18DB53EA010220F4B8
:10818000906A15D1089A9AB910F001031A4606931D
:1081900000F0078730238DF86F31089B0C92CDE9F2
:1081A0000F3314930B930DF26F16D6E520F4806A0B
:1081B0005CAE03F00702DB0843EA4173C9083032C2
:1081C00053EA0105304606F8012DF2D11AF0010FED
:1081D00000F03F81302A00F03C813023089906F8F6
:1081E000013C02385CAB1B1A99424FF00002B8BF49
:1081F0001946CDE90F220B920C9306460691149274
:10820000ABE523784AF0080A32E523784AF0800A81
:108210002EE5214611F8019BB9F12A0F01F0D38513
:10822000A9F13003092B98BF002201F2C58311F890
:10823000019B02EB820203EB4202A9F13003092BFE
:10824000F5D942EAE27308930C4613E5584603F069
:10825000EFF843681993184603F012FC1B9005468B
:10826000584603F0E5F8826823781A92002D3FF40F
:10827000FFAC002A3FF4FCAC1278002A3FF4F8ACC3
:108280004AF4806AF4E423784AF0010AF0E49DF8A5
:108290008F202378002A7FF4EBAC20228DF88F20EA
:1082A000E6E41AF0200F40F020840E9A1AF0100F26
:1082B00052F8043B41F0AC851AF0400F00F03D87C6
:1082C0009BB20E925046002151E70E9A1AF0200FF1
:1082D00002F1040300F0F783126809991160C917CD
:1082E00051600E9326469DE40E9A089E52F8040BA8
:1082F000002147F630038E42ADF890308DF88F1094
:108300000346C0F256852AF0800545F0020A00288F
:1083100040F05185002E00F0728730238DF86F31C8
:108320000123069610900E920DF26F164FF0780909
:108330000F90844614900B900C9300F020BD23788E
:108340006C2B03BF63784AF0200A01344AF0100A0C
:108350008EE42378682B03BF63784AF4007A0134F3
:108360004AF0400A84E41AF0200F4AF0100300F0AB
:10837000BF830E9A073222F007029A46536852F8DA
:10838000085B0E921F46002BC0F2BD83089A002A9C
:108390001EDB55EA07032AF0800A19D1002A00F0F3
:1083A000E08630251AE01AF0200F00F06D83514668
:1083B0000E9B073323F0070200238DF88F30089BB4
:1083C000576852F8085B0E92002B80F21B838A4696
:1083D0000A2D77F1000380F0A7833035089A9DF8C5
:1083E0008F308DF86F51012AB8BF01220692012209
:1083F0000C920DF26F16002B01F0DF84069B013307
:1084000006930023CDE90F330B931493A5E41AF0E0
:10841000200F4AF01001CBD10E9B1A1D0E9B08981D
:108420001B680027B8428DF88F701D46C1F2798015
:1084300021F0800A002B40F01A850E92002840F0AF
:108440004083CDE90F000C90149006900B905CAE29
:1084500083E408995CAA921B91424FF00003B8BFD5
:108460001146CDE90F330B930C920691149374E4EB
:10847000082200212CA802F003FF01231C44FFF76F
:10848000D2BBA71B054612D0319A329B01323B4426
:10849000072AC8E900673293319200F3E68008F1B9
:1084A0000808099B3B440993002D7FF4D7AB329B0E
:1084B000002B40F0AB87079B0022B3F90C303192C0
:1084C00051E00A9B069A9F1A002F7FF776ACB24BB9
:1084D000319A1593102F26DD41462846B046079D58
:1084E00026461023AC4C04E0103F102F01F1080188
:1084F00015DD01321030072AC1E90043CDE93120F2
:10850000F2DD30AA2946584601F0FAFC10BB103FB4
:10851000102FDDE9312033A94FF01003E9DC344698
:108520000546464688460132159BC8F800303D4452
:10853000072ACDE93125C8F8047000F3458408F115
:1085400008083AE4079930AA584601F0D9FC0028F7
:108550003FF460AC0B9B1BB10B99584609F014FC1F
:10856000079BB3F90C30079A526ED00702D49A05D4
:1085700040F1F8845B0601F1AB8309985DB0BDE87A
:10858000F08F169B17985A19C8E90003319B329255
:108590000133072B319300F3438708F108080029C2
:1085A000C1F221821199C8F8006001338D18072BA0
:1085B000CDE93135C8F804107FF716AC079930AA19
:1085C000584601F09DFC0028C4D1329D0DF1CC0825
:1085D0000CE4119B319F012B05F1010507F1010707
:1085E00008F1080940F369810123072FCDE93175AE
:1085F000C8F80060C8F8043000F36B84169B179A23
:1086000001371D44072FC9E90023CDE9317500F377
:10861000528409F10809119BDDE9120103F1FF38C9
:108620000022002309F024F9002840F0A781013737
:1086300001364544072FCDE93175C9F80060C9F806
:10864000048000F3488109F10809189BC9F8043037
:1086500001371D44072F28ABCDE93175C9F800302B
:10866000ACDC09F10808FFF7C1BB079930AA5846EE
:1086700001F046FC00287FF473AF0DF1CC0810E741
:10868000079D5846294602F061FB002841F01883F7
:10869000B5F90C3003F01A020A2A7FF4AEAA079942
:1086A000B1F90E20002AFFF6A8AA4A6ED20702D41A
:1086B0009F0540F1C486079923463246584601F08B
:1086C000DFFB099009985DB0BDE8F08F9F0567D585
:1086D0009D047FF578AA90047FF582AA01F0FFBA85
:1086E0000799159330AA584601F00AFC00287FF438
:1086F00031AF329D159B0DF1CC08FFF749BB0799AF
:10870000159330AA584601F0FBFB00287FF422AFF6
:10871000329D159B0DF1CC08FFF74CBB1F4A319BD6
:108720001592102E22DDA246DDF81C90102714466B
:1087300004E0103E102E08F1080816DD0133103554
:10874000072BC8E90047CDE93135F2DD30AA4946AB
:10875000584601F0D5FB00287FF4FCAE103E102EE9
:10876000DDE931350DF1CC08E8DC54460133159ACA
:108770003544072BC8E90026CDE931357FF73FABFB
:10878000079930AA584601F0BBFB00287FF4E2AEFF
:10879000329DFFF734BB00BF344D0108444D010842
:1087A000079DA86D02F0F6FEB5F90C306A6E9904CB
:1087B0003FF510AAFFF707BA2599814240F33881A7
:1087C0000F9B119A9342A8BF1346002B99460BDDCD
:1087D0001D44C8E90063319B32950133072B319367
:1087E00001F3188008F108080F9FB9F1000FA8BF26
:1087F000A7EB0907002F00F371840F9B1AF4806F19
:10880000334440F0B586259A11998A4203DB1AF069
:10881000010F00F00185169917980D44C8E9000171
:108820003199329501310729319101F3658008F1C1
:10883000080811997718FF1A8E1AB742A8BF374651
:10884000002F0DDDC8F80030319BC8F804700133EB
:108850003D44072B3295319301F39A8008F10808C3
:10886000002FA8BFF61B002E7FF7C0AA102E319B49
:1088700041F34B82B249DDF81C9015912A4610272E
:108880000D4605E008F10808103E102E40F3FF8366
:1088900001331032072BC8E90057CDE93132F1DD41
:1088A00030AA4946584601F02BFB00287FF452AE0F
:1088B000DDE931320DF1CC08E6E71AF0010F7FF463
:1088C00093AE0123072FCDE93175C8F80060C8F8D1
:1088D00004307FF7BAAE079930AA584601F010FB72
:1088E00000287FF437AEDDE931750DF1CC09ACE637
:1088F000319A94481590102F714626DD20944046F9
:10890000904C2193B0461025079E04E0103F102F95
:1089100000F1080015DD01321031072AC0E90045D9
:10892000CDE93121F2DD30AA3146584601F0E8FAAE
:1089300000287FF40FAE103F102FDDE9312133A85E
:10894000E9DCDDE92043464680461598C8F800007A
:10895000501C7D180728CDE93105C8F8047000F3D4
:1089600009839DF88F2008F10808002A40F08880CC
:10897000002B3FF422AA1346FFF70CBA119B012BE0
:108980007FF763AE112B6E4B159340F397830894DA
:108990002A46079C10261D4607E009F10809A8F1A0
:1089A0001008B8F1100F40F3878301371032072FFA
:1089B000C9E90056CDE93172EFDD30AA21465846AB
:1089C00001F09EFA00287FF4C5ADDDE931720DF1AA
:1089D000CC09E4E7079930AA584601F091FA00283B
:1089E0007FF4B8AD329D0DF1CC08FFF7ECB99204DD
:1089F0007FF5F6A801F06CB91AF0010F3FF4F6A963
:108A0000FFF71ABB55EA070321F0800A7FF4E0ACB8
:108A1000089B002B55D1CDE90F330C93149306938B
:108A20000B935CAEFFF799B90E932378FFF720B94B
:108A3000319B454AC8F80020013301350122072B3C
:108A400032953193C8F8042000F38C8608F10808A9
:108A500000297FF496AD119A0AF0010313433FF405
:108A6000C5A9169B17995A19C8E90013319B329270
:108A70000133072B319300F3D38408F1080891E503
:108A80001F460023FFF774B90E9A1AF0100052F82F
:108A9000043B41F0CB811AF0400100F0DD818DF8FC
:108AA0008F009BB208990027B9421D46C0F2DF81B2
:108AB0002AF0800A002B40F0DA81089B0E92002BEE
:108AC000A9D0002589E41AF0100F40F0EF821AF0C7
:108AD000400F40F0AD831AF4007F00F0E7820E9A59
:108AE000099912681170FFF7FCBB5046FFF736BBBF
:108AF0000E9A04320E990E920D68EF179A463B4675
:108B0000002BBFF643AC2D238DF88F30089B6D42B0
:108B100067EB4707002BFFF65BAC0A2D77F10003EC
:108B20002AF0800AFFF459ACCDE90B890694DDF8F0
:108B300068905CA94FF0000E0AF480642CE000BF3E
:108B4000344D0108444D0108CC4B0108EB19B348E2
:108B500043F10003A0FB032020F0030202EB90028C
:108B60009B1AEB1AAD484FF0CC32A846BC4602FB2C
:108B700003F267F1000700FB0722A3FB0053B8F1E3
:108B80000A0F13444FEA55057CF1000C314645EAC3
:108B9000C3754FEA53072CD3A04EEB1943F10003E2
:108BA000A6FB032020F0030202EB90029B1AEB1AB3
:108BB000A3FB063267F1000006FB00225B0843EAD4
:108BC000C27303EB8303A5EB430330330EF1010EB5
:108BD00001F8013C4E1E002CB8D099F800307345C6
:108BE000B4D1BEF1FF0FB1D00A2D77F1000380F0B0
:108BF00073850899069CCDF868905CAB9A1B9142EE
:108C0000B8BF1146DDF83090DDF82C809DF88F302C
:108C1000CDF844E00C920691FFF7EDBB5346FFF709
:108C2000A8BB0E9B1A1D0E9B0E921B680021FFF71E
:108C30009EBADDE9120102460B4608F04BFE0546DE
:108C4000002840F0B387B9F1610F00F02386B9F135
:108C5000410F00F00C83089B013300F078874AF441
:108C60008073B9F1670F0693139B00F00087B9F189
:108C7000470F00F0FC860B90DDE91212002AC0F2CB
:108C8000EE869DED127B8DED1C7B00231593A9F1E3
:108C90004103252B00F26C82DFE813F02D076A02F6
:108CA0006A026A02D60323046A026A026A026A023C
:108CB0006A026A026A026A026A026A026A026A0254
:108CC0006A026A026A026A026A026A026A026A0244
:108CD0006A026A026A026A026A026A022D076A026C
:108CE0006A026A02D60323044D4D1AF0200F00F0E9
:108CF000D5800E9B073323F007031A46596852F8B4
:108D0000083B0E921AF0010040F0B480089A8DF8EA
:108D10008F00002AC0F2F48053EA01022AF4906A1C
:108D200000F0FD8003F00F02AA5C8DF86F211B0993
:108D300043EA01730A0953EA11110DF26F160BD0C1
:108D400003F00F011B09695C06F8011D43EA027379
:108D5000120953EA0201F3D1089A5CAB4FF0000C00
:108D60009B1B9A42CDE90FCCB8BF1A460C930692D2
:108D7000CDF82CC0CDF850C000283EF4EEAF069BD5
:108D8000DDE93105023306931AF08403AE4602464C
:108D900004D10A9F06997F1A002F06DCBCF1000F50
:108DA0003EF4F8AF0227FEF7E3BF0223A1E51D4D15
:108DB0009BE74AF0020A0E921A4D03F00F020220BE
:108DC000AA5C4FF07809B0E7079930AA584601F03D
:108DD00097F800287FF4BEAB329D0DF1CC08FEF76A
:108DE000ECBF079930AA584601F08AF800287FF4B2
:108DF000B1AB329D0DF1CC08FFF72CB9089B0E9753
:108E0000062B28BF0623CDE90B630693334608964D
:108E1000CDE90F33044E1493FEF79FBFCDCCCCCCDD
:108E2000B04B01089C4B0108C44B010808220021EB
:108E30002EA802F025FA0E9A43AE12682EAB3146E8
:108E4000584604F095FB0C9001307ED00C9B23EA31
:108E5000E3730693FFF76FB81AF4007740F0EE81E2
:108E600008998DF88F7000291D46BFF621AE0E922D
:108E7000FFF7AEBA53EA010248D030228DF89020B5
:108E800000228DF88F20089A8DF89190002A34DB0B
:108E90002AF4906242F0020A022043E70E9A1AF086
:108EA000100F52F8043B0E9225D11AF0400F1ED03D
:108EB0009BB2002126E7079930AA584601F020F816
:108EC00000287FF447ABDDE931750DF1CC09FFF7E0
:108ED000A2BB079930AA584601F012F800287FF487
:108EE00039ABDDE931750DF1CC09FFF787BB1AF419
:108EF000007F40F0AB81002104E74AF0020A022023
:108F000003F00F022AF4806AAA5C0EE7089B002097
:108F100083428DF88F00C0F21B832AF4906A089A6E
:108F2000002A00F0D980012A2B788DF86F31B8BF64
:108F30000122002306920122CDE90F330B930C92FC
:108F400014930DF26F16FEF708BF0798B0F90C30B6
:108F5000426E43F04001D607818100F1B986990540
:108F600000F1B686079CA06D02F016FBB4F90C3038
:108F7000FFF700BB0799159330AA584600F0C0FFD1
:108F800000287FF4E7AA9DF88F20329D159B002AC8
:108F900000F0CB801F460DF1CC0803463198FEF758
:108FA000E7BE089B0C93CDE90F3314930B935CAE93
:108FB000FEF7D3BE584601F07DFAFEF7FABD0799D9
:108FC00030AA584600F09CFF00287FF4C3AA329DC7
:108FD0000DF1CC08FFF72BB8082200212EA8279608
:108FE00002F04EF9089B002BC0F26883002506941E
:108FF0000B972C461F460EE043A9584604F0B8FADA
:10900000431C204400F09485B84209DC05F10405B6
:1090100000F0A5850446279A52592EAB002AEBD1C1
:109020000C940B9F069C0C9B002B00F0A983632BD8
:1090300040F3D484591C584608F0A2FE0646002886
:1090400000F0FC860B90082200212EA802F018F9EF
:109050000C9D2EAB009327AA2B463146584604F0B0
:10906000AFFA854240F0E5860C9A0023B35422EA19
:10907000E27206929DF88F20089312B1069A01328F
:109080000692CDE90F330E971493FEF766BE154690
:109090000133159AC8F800203544072BC8F804603E
:1090A000CDE931357EF7A0AEFFF788BA0E9A09995F
:1090B00012681160FFF715B9089C15460137159B1A
:1090C000C9F800304544072FCDE93175C9F804804F
:1090D0007FF7B9AAFFF7FFBB089B9CE4102F319BD9
:1090E00040F37C867D48159042462946A0464FF0C5
:1090F0001009079C054604E00832103F102F40F38A
:10910000FD8101331031072BC2E90059CDE931311E
:10911000F2DD30AA2146584600F0F2FE00287FF426
:1091200019AADDE9313133AAE7E7002B7CD0319869
:1091300013460DF1CC08FEF72DBE1AF4007100F0B5
:109140008180DBB20E9250460021FFF710B81AF46E
:10915000007F16BF45F3C017EF176DB23B46FFF710
:1091600012B99DF88F3006920C925CAEFFF743B9AE
:10917000089B01932EAB049327AB039325AB02937B
:10918000022300935846DDE91C2302F0ADFD06469C
:109190001AF0010F40F00C842E9B9A1B259B119214
:1091A000D91C0F93C0F2B88308999942C0F2138377
:1091B0009A4200F308840F9B0C931AF4806F03D03B
:1091C0000F9B002B00F318850C9BDDF818A023EAF9
:1091D000E37306934FF06709002314931093159BD4
:1091E0000AF00200002B00F080814FF02D0C8DF86A
:1091F0008FC0069B0133069300230893BCE5089BB0
:109200000E92CDE90F3314930C9306935CAE4FF09E
:1092100078099C460B93B2E57718FF1A8E1AB7426D
:10922000A8BF3746FFF71CBB0DF1CC08FEF7C5BD44
:109230000E9A099912681180FFF753B88DF88F10B4
:10924000DBB22FE40E925046FEF791BFDBB2002155
:1092500058E5304602F014FC9DF88F300C9020EA5F
:10926000E0720692002B3EF44BAFFEF747BF45F687
:109270003003ADF89030089B632B4AF0020A00F3EC
:109280002384DDE912128242C0F22D8425AADDE991
:10929000120102F061FC00224FF07F5308F080F8C9
:1092A00002460B46CDE90C230022002308F0E0FA29
:1092B00008B1012325930023094A159306920B93C5
:1092C00043AECDE90F48CDF84490DDE90C45DDF81B
:1092D0001890089FCDF850A018960BE0344D010867
:1092E000B04B01080022002308F0C2FA002840F029
:1092F000B98457469B4B00222046294608F050F877
:109300000D46044608F0FCFA804607F0DFFF0246EF
:109310000B462046294607F08BFE19F808303246E6
:10932000044606F8013B0D4607F1FF3A002FD9D15C
:1093300008928D4BDDF84490DDF850A00022CDE975
:109340000C45474635460F9C189EDDF8408008F0D6
:10935000B7FA40B9DDE90C01834B002208F088FA26
:10936000E0B1F8071AD5089B2E93069B15F8012C3F
:10937000D97B91422B4609D1302003F8010C2E9B5A
:109380005A1E2E9213F8012C8A42F6D0392A0BBFAE
:10939000069A0132927AD2B203F8012C259AAB1BBD
:1093A0001193B9F1610F02F1FF33259300F0AA8404
:1093B00050214FF04109002B8DF8A010C0F2988485
:1093C0002B22092B8DF8A12000F3B6820DF1A20209
:1093D000303302F8013B28ABD31A1893119B189A2B
:1093E000012B1A440C9240F3AD830C9B169A134444
:1093F0000C930C9A2AF4806343F4807A22EAE27296
:109400000023CDE90F3314930692E8E6079930AABA
:10941000584600F075FD00283FF44DA8FFF7A0B8AE
:10942000079930AA584600F06BFD00287FF492A8F7
:10943000DDE9313225990DF1CC08FFF7B0B8886D20
:1094400002F0AAF8FFF737B9089B01331193022302
:1094500000932EAB049327AB119D039325AB01958D
:1094600002935846DDE91C2302F03EFC29F0200758
:10947000462F0646054400F0DA81DDE91C01002292
:10948000002308F0F5F9002840F012842E9BAB422F
:1094900038BF452780F00A8430215A1C2E9219705B
:1094A0002E9BAB42F9D39B1B1193472F259B0F9308
:1094B00000F08981462F00F0D2810F9B8DF8A0909B
:1094C000013B002B2593C0F22E822B22092B8DF815
:1094D000A12000F3318230228DF8A2200DF1A302E9
:1094E00076E7089B11930323B2E79DF88FC0BCF188
:1094F000000F7FF47EAE159B08933DE444460D4675
:1095000090460133159AC8F800203D44072BCDE959
:109510003135C8F8047000F3CA8208F10808FFF773
:109520006CB90E928A46FEF753BF2D23B9F1470F4F
:109530008DF88F300B95089540F343820B4E1495B0
:1095400003220423CDE90F550C920693FEF705BCC8
:109550002B788DF86F312AF4806A0DF26F16FFF7C1
:10956000FBBB00BF000030400000E03F904B010813
:10957000119ADDF85090CDF854A01F46109BDDF8ED
:1095800068A00F94B218002B0892294642461B9DF2
:10959000DDF81C8014962EDDB9F1000F7BDD09F19A
:1095A000FF393198199B013029440728C2E9003559
:1095B0003291319064DC0832089B9AF80000DE1B7F
:1095C0008642A8BF0646002E0BDD3198013031449B
:1095D0000728C2E900763291319062DC9AF80000E7
:1095E0000832002EACBF841B0446002C16DC074456
:1095F000109B002BD0DCB9F1000FD0DC149ECDF80D
:1096000068A09046119A0F9CDDF854A0B2189742BA
:109610003B460D4628BF1346FFF7F5B8102C31988E
:10962000B24B1FDD10260C9304E0103C102C02F10D
:10963000080216DD0130AD4B10310728C2E90036B3
:10964000CDE93101F1DD30AA4146584600F058FC21
:1096500000287EF47FAF103C102CDDE9310133AAE5
:10966000E8DC0C9B1360013021440728CDE931016F
:10967000546000F394809AF8000008320744B7E77A
:1096800030AA4146584600F03BFC00287EF462AF09
:10969000329933AA90E7109B013B0AF1FF3A1093ED
:1096A0007FE730AA4146584600F02AFC00287EF4A5
:1096B00051AF9AF80000329933AA92E72EAB00938B
:1096C000002327AA1946584603F07AFF0C90013070
:1096D00000F02E822796A6E41B9A1999B61A3046F6
:1096E00001F04EFE99F801300BB109F10109804AF1
:1096F000EB1943F10003A2FB030C2CF0030000EB79
:109700009C001B1AEB1A4FF0CC3167F1000703FBEA
:1097100001F102FB0711A3FB023001445B0843EA9D
:10972000C1754F08EB1943F10003A2FB031020F0B1
:10973000030101EB90015B1AEB1AA3FB023167F105
:1097400000005B0802FB001243EAC27303EB8303D1
:10975000A5EB4303303306F8013C4FF0010E013E08
:10976000FFF73BBA079930AA584600F0C9FB00281A
:109770007EF4F0AE2599329D0DF1CC08FFF768B963
:109780009DF88F300E97003B18BF012306930C9B6A
:109790000893CDE90F3314930B93FEF7DEBA30AA8A
:1097A0004146584600F0ACFB00287EF4D3AE9AF850
:1097B0000000329933AA07441AE7259B0F93AB1B8D
:1097C000472F11934BD10F9B0333C0F2A580089B09
:1097D0000F9A934210DA0F9B013BA9F10209002B6B
:1097E0008DF8A0902593BFF670AE0F9B2D22C3F18C
:1097F00001038DF8A1206EE6119B0F9A934200F3AE
:10980000E2801AF0010F0F9B00F09982169A134420
:109810000C93D2E4079930AA584600F071FB002857
:109820007EF498AE329D0DF1CC08FEF7DDBF3378A3
:10983000302B00F03082259B1D44DDE91C01002205
:10984000002308F015F80028B7D12E9BAB42FFF497
:1098500023AE9B1B1193472F259B0F93B3D00F99DA
:10986000089A0AF00103002943EA020340F38E82BA
:10987000002B40F093810F9B0C934FF066091AF474
:10988000806F40F0BB810C9BDDF818A023EAE373E6
:109890000693A1E447F63003ADF89030089B632BA4
:1098A0004AF0020A00F31081DDE91212002AC0F228
:1098B0001A8125AADDE9120102F04EF900224FF0CB
:1098C0007F5307F06DFD02460B46CDE90C230022C5
:1098D000002307F0CDFF002800F0468201231595F4
:1098E000259343AE0B95034B0693EAE4344D0108F0
:1098F000CDCCCCCC9C4B01080799089330AA584694
:1099000000F0FEFA00287EF425AE259A329D089BD1
:109910000DF1CC08FEF78DBF0F9BA9F10209013BA9
:109920008DF8A09025930F9A2D238DF8A130C2F1C8
:1099300001030832BFF6CFAD0DF1AF05B44F2A4693
:109940001046A7FB0312D20802EB8201A3EB4101F0
:109950003031632B00F8011C134600F1FF32EFDCBD
:10996000303302F8013C831EAB4280F046820DF199
:10997000A10213F8011B02F8011FAB42F9D103F554
:10998000B8736B44CC3B1B1A28AA9B1A189325E585
:10999000079930AA584600F0B3FA00287EF4DAADF1
:1099A000259E119B329D9E1B0DF1CC08FEF758BFE2
:1099B000089B4727F51840E700230C460893FEF75D
:1099C00059B9944EBBE5119B169A9A180F9B0C92AD
:1099D000002B40F3D6804FF0670950E700230B932C
:1099E00043AEFFF730BB4F4210318B4915911CDA63
:1099F0001025894604E008F10808103F102F14DDF7
:109A000001331032072BC8E90095CDE93132F2DD80
:109A1000079930AA584600F073FA00287EF49AADF0
:109A2000DDE931320DF1CC08E7E701331599C8F8CB
:109A300000103A44072BCDE93132C8F804707FF7A3
:109A40001CA8079930AA584600F05AFA00287EF45C
:109A500081ADDDE931320DF1CC08FEF7A3BD02F195
:109A600000431D932D231C911593FFF710B9089AFD
:109A7000002A00F04E81002BC0F27F819DED127B09
:109A80008DED1C7B1595089B01932EAB049327ABA2
:109A9000039325AB0293022300935846DDE91C2370
:109AA00002F022F9002306460B93FFF771BB0799DA
:109AB00030AA584600F024FA00287EF44BAD329DBF
:109AC0000DF1CC08FEF799BE089B5846591C08F0CA
:109AD00057F9064600283FF438AA4AF480730B90E1
:109AE0000693FFF7C9B802F100431D932D231C9183
:109AF0000B9543AE159325AADDE91C0102F02CF865
:109B000000224FF07F5307F04BFC02460B46CDE995
:109B10000C230022002307F0ABFE08B1012325939C
:109B2000B9F1610F3FF4DFAE3C4B0693FFF7C9BBC1
:109B3000079B9B8900220B9243F04003079A938175
:109B4000FEF708BD1AF0010F3FF453AC4DE40623B5
:109B500008934AF480730B900693FFF78DB8089B27
:109B6000069C0B9F0C93FFF75EBA00230322CDE9FE
:109B70000B320893CDE90F33149304230693FEF7B9
:109B8000ECB8C3F101031A4422EAE273DDF818A02D
:109B90000C9206934FF06709FFF71EBB169B02EB72
:109BA00001094B440C934FF0660968E6139B13F0D0
:109BB00000432AF0800A0F9300F0C4802D238DF813
:109BC0008F30B9F1470F4FF000030B93089340F328
:109BD000D280134E03220C92CCE70E97002B00F09C
:109BE000A380089B0C935A1C069208901490109026
:109BF0004FF07309FEF7B1B84FF067091A990B7867
:109C0000FF2B00F0FE8000250F9A28460EE000BFD3
:109C1000CDCCCCCC8C4B0108344D0108B04B0108A5
:109C2000984B010801300131FF2B08D0934206DA2E
:109C3000D21A4B78002BF5D10B780135F4E7CDE93A
:109C40000F201A911495109A149B1B99DDF818A0F7
:109C500013440C9A01FB03230C9323EAE37306934A
:109C6000FFF7BDBA08975746002F3546DDE90F4884
:109C7000DDF84490DDF850A0189EFFF68FAB0899F0
:109C80002B462944302203F8012B8B42FBD12F4471
:109C90007D1CFFF783BBDDE91C010022002307F0D8
:109CA000E7FD40B1259B0F931D4488E59B1B119355
:109CB000259B0F9301E4119BC3F101032593BBE5A1
:109CC000079A536ED80703D49389990540F1BC8055
:109CD0004FF0FF330993FEF750BCD707F8D4079B2A
:109CE0009B899E05F4D4079B986D01F055FCEFE726
:109CF0002D238DF8A130C2F101030832FFF61CAE0E
:109D0000FFF764BB7021FFF756BB514A1592FFF76E
:109D1000BFB9934266DB9DED127B089B159301232F
:109D20008DED1C7B0893AEE6089B0C9306930B9B72
:109D30001493109308934FF07309FEF70EB80C9329
:109D4000FFF73BBA9DF88F30B9F1470FCCBF414EBA
:109D5000414E002B5FD1032208930C921493109371
:109D60000B930692FDF7F9BF3C4B159006930B90B1
:109D700043AEFFF7A6BA384E2CE7DDE9121202F126
:109D800000431D932D231C9115937CE6DDF818A04C
:109D900033B9012306934FF066090C93FFF71CBA01
:109DA000169B03F10109089B4B440C9323EAE373D0
:109DB00006934FF06609FFF70FBACDE90F330B9307
:109DC0001493FDF7CABF0E9A63780C4652F8041B31
:109DD0000E9241EAE1710891FDF74ABF1C4A1592C3
:109DE000FFF78FBBDDE9121202F100431D932D2313
:109DF000159301231C91089345E602231893FFF75E
:109E0000EDBA0023149310931DE75346FEF772BE7C
:109E10005046FEF708BF00230893149310930B934A
:109E200003230C9304230693FDF797BF5146FEF7D7
:109E3000F5BA079B9B8943F040037FE6079B0B9095
:109E40009B8943F0400379E6906D01F0A5FB3FE765
:109E5000344D0108984B0108944B01089C4B0108B4
:109E600000B5DFF818E084461346DEF800005DF820
:109E700004EB0A466146FDF77FBE00BFD408002010
:109E8000F0B50D46ADF2744D164689896A6E1B9287
:109E9000EA89ADF8162021F00201EA69ADF8141044
:109EA00009921CA96A6A0291074606910B924FF427
:109EB0008061002218A8019304910791089201F093
:109EC00065FB3246019B02A93846FDF755FE061E8A
:109ED00007DB02A9384600F027F9002818BF4FF029
:109EE000FF36BDF814305B0603D5AB8943F0400361
:109EF000AB81189801F04CFB30460DF2744DF0BD6B
:109F0000936810B514461BB918460023636010BD52
:109F100000F066FB0023A3600023636010BD00BF58
:109F200070B5002941D006460C4610B1436B002B9A
:109F30003ED000F0DDFA636EB4F90C20DD0730D4BA
:109F4000900538D52146304600F054F8E36A0546BE
:109F500033B1E169304698470028B8BF4FF0FF356C
:109F6000A3891A0639D4216B41B104F14003994207
:109F700002D0304607F008FF00232363616C21B153
:109F8000304607F001FF00236364636E0022DB07A5
:109F9000A2811ED5A06D01F0FBFA00F0AFFA2846B1
:109FA00070BD002ACED100F0A9FA0025284670BD68
:109FB00000F080FABDE7A06D01F0ECFAB4F90C30C6
:109FC000002BBFD1636ED907EDD4A06D01F0E4FA88
:109FD000E9E7A06D01F0E0FADCE72169304607F01F
:109FE000D3FEC0E7024B01461868FFF799BF00BFD8
:109FF000D4080020B1F90C202DE9F041804610076B
:10A000000C4650D4496842F400630029A38164DD02
:10A01000A66A002E44D0002112F48052D8F80050D5
:10A02000C8F8001065D1E16901234046B047411CE2
:10A0300002466CD0B4F90C30A66A5B0705D563689C
:10A04000D21A236B0BB1E36BD21A0023E1694046AD
:10A05000B047471CB4F90C304DD1D8F800101D2979
:10A0600040D8304ACA40D6073CD52269226023F442
:10A070000062A281D9044FF00002626003D5D8F8D3
:10A080000030002B41D0216BC8F8005041B104F1E1
:10A090004003994202D0404607F076FE0023236336
:10A0A0000020BDE8F0810E69002EF9D00D680E6029
:10A0B00092070CBF4B690023AD1B8B600AE02B4657
:10A0C0003246E169676A4046B8470028A5EB0005BB
:10A0D000064406DD002DF2DCE2E7E16B002997DCA7
:10A0E000DEE7A38943F04003A3814FF0FF30BDE8D2
:10A0F000F081226DA1E72269226023F40062A2812F
:10A10000DB044FF000026260BDD52065BBE7D8F8E4
:10A110000030002B8ED01D2B01D0162BE1D1C8F8BA
:10A120000050BDE70100402000B5034683B008B1F0
:10A13000426B52B3B1F90C0098B14A6ED20701D408
:10A14000820512D518460091FFF754FF00994A6E18
:10A150000346D00702D48A8992050ED5184603B06B
:10A1600000BD0346184603B000BD886D0193009101
:10A1700001F010FADDE90013E4E7886D009301F0C7
:10A180000BFA009B184603B000BDCDE9000100F0BA
:10A1900091F9DDE90031CDE7002838D000B51E4B3C
:10A1A0001B6883B001460BB15A6BD2B1B1F90C00F8
:10A1B00098B14A6ED20701D482051AD5184600918B
:10A1C000FFF718FF00994A6E0346D00702D48A8928
:10A1D000920516D5184603B000BD0346184603B0D5
:10A1E00000BD01901846009300F064F9DDE90031EC
:10A1F000DCE7886D0193009101F0CCF9DDE90013F3
:10A20000DCE7886D009301F0C7F9009BE2E7034AA1
:10A210000349044800F060BBD40800207406002005
:10A2200029A10008D808002000B51F4B1A6883B088
:10A23000014612B1536B002B2ED04B6ED80702D4BF
:10A240008B899B0520D54B68013B002B4B600CDBB9
:10A250000B685A1C0A601B784A6ED00702D48A89A0
:10A26000920509D5184603B000BD1046009100F0D4
:10A27000FDFB00990346EFE7886D009301F08CF930
:10A28000009B184603B000BD886D0192009101F05B
:10A2900081F9DDE90012D6E701901046009200F046
:10A2A00009F9DDE90021C8E7D4080020024A034982
:10A2B000034800F011BB00BF74060020219F000876
:10A2C000D80800200C4B4168994210B5044601D0D3
:10A2D000FFF726FEA168094B994202D02046FFF7FE
:10A2E0001FFEE168064B994204D02046BDE81040AD
:10A2F000FFF716BE10BD00BF0C2A0020742A0020F4
:10A30000DC2A00202DE9F843314A324C3249DFF88B
:10A31000DC90DFF8DC80314F1160002504232946F2
:10A32000082204F15C00C4E903352D4EA560C4E9A0
:10A330000055C4E90555656600F0A2FF04F1580018
:10A34000C4E90749C4E90987E66201F01FF9294613
:10A35000244B6367082204F1C400C4E91A55C4E918
:10A360001E552567C4F8CC50C4F8805000F088FF13
:10A3700004F1680304F1C000C4F88430C4E92298F1
:10A38000C4E9247601F002F9174BC4F8DC30294601
:10A3900004F596700822C4E93455C4E93855C4F868
:10A3A000D850C4F83451C4F8E85000F069FF04F103
:10A3B000D003C4E93D87C4F8F09004F59470C4F864
:10A3C000FC60C4F8EC30BDE8F84301F0DFB800BF32
:10A3D000442B00200C2A0020ADA20008CDAC0008C0
:10A3E000F1AC0008090001001200020069AC00088D
:10A3F0008DAC0008F8B507462A4801F0CBF82A4B87
:10A400001B68002B43D0294E7368013B26D4B468E7
:10A4100003E05A1C04F1680420D0B4F90C50013B4D
:10A42000002DF6D1224BE36004F15800656601F07F
:10A43000ADF81C4801F0B0F8C4E90155C4E9045571
:10A4400008222560A561294604F15C0000F018FF90
:10A45000C4E90C55C4E911552046F8BD35680DB165
:10A460002E46D1E74FF4D671384607F089FC0446F2
:10A4700080B10423C0E900530C302946A0604FF49A
:10A48000D072254600F0FCFE34602E46BCE7FFF794
:10A4900039FFB8E70348346001F07EF80C233B60D5
:10A4A000DAE700BF4C2B0020442B0020740600206C
:10A4B0000100FFFF10B504460A4801F06BF8636B1A
:10A4C00023B9094B094A1B68626323B1BDE81040F8
:10A4D000044801F061B8FFF715FFBDE810400148DE
:10A4E00001F05AB84C2B0020442B0020C5A20008D4
:10A4F000014801F04FB800BF4C2B0020014801F08B
:10A500004BB800BF4C2B0020F0B585B00F4611466C
:10A5100003AA064605F060F9002834D00546304607
:10A52000FFF768FF044600282DD04FF4DB73039A31
:10A530003946304600F0BCFF031E1BDB626ED707B6
:10A5400002D4A28990052CD51B4AE381C4E90742B5
:10A550001A4B1B4AA581C4E90923E905194BE3629B
:10A5600015D4636EDA0702D4A3899B051FD5204654
:10A5700005B0F0BDFFF7BCFF0023A06DA38101F083
:10A5800007F8FFF7BBFF0024204605B0F0BD02230B
:10A5900000222146304600F021F8636EDA07E6D447
:10A5A000E2E7A06D019300F0F5FF019BCCE7A06D01
:10A5B00000F0F2FFDBE700BF69AC0008CDAC00089B
:10A5C0008DAC0008F1AC0008DFF80CC00A4601466B
:10A5D000DCF80000FFF798BFD408002000F024BC8E
:10A5E0009368002B00F0B7802DE9F04FB1F90CC053
:10A5F0001CF0080F83B00C46804617462DD00B691F
:10A600005BB31CF002033E6833D04FF0000ADFF862
:10A61000C4B25546B9465D452B46524628BF5B46F7
:10A620004046B5B1E169676AB847002840F38B80BE
:10A63000D9F808301B1A8244C9F80830002B79D0A9
:10A640002D1A5D452B46524628BF5B464046002DDD
:10A65000E8D1D6E900A50836DDE72146404600F0FE
:10A6600075FB002874D1B4F90CC03E681CF00203DD
:10A67000CBD11CF0010A70D1236800975546002DFC
:10A6800054D01CF4007FD4F80890184600F0AB803A
:10A69000A945CB4600F2E4801CF4906F34D02169C8
:10A6A0006269A3EB010902EB420202EBD27209F1EB
:10A6B000010352102B44934294BF93469B4693420E
:10A6C00088BF1A461CF4806F00F0E98011464046AE
:10A6D00007F056FB002800F0F7804A4621690190F8
:10A6E00001F01EF9A289019B22F4906242F08002DF
:10A6F000A28103EB09002361ABEB0903C4F814B09A
:10A70000A3602060A946AB4651465A4600F026FD9C
:10A71000A2682368A2EB0902A260009A91685B44D8
:10A72000491B2360916029B1B4F90CC0D6E900A59A
:10A730000836A4E7002003B0BDE8F08F214640466C
:10A74000FFF7F2FC68B3B4F90C3043F04003A38187
:10A750004FF0FF30EFE7002070471D469A4618463D
:10A76000B946009365B3002831D05246D4E90413AA
:10A770002068AA4228BF2A46884204D9A16803EB70
:10A78000010B5A457CDC93426DDCE169009A676AF3
:10A790004046B847B0F1000BD5DDBAEB0B0ACDD07F
:10A7A0000120D9F80830A3EB0B03C9F80830002BBF
:10A7B000C0D0009BA5EB0B055B440093002DD2D1CC
:10A7C000756833460836002DFAD01B680093009F49
:10A7D0002A460A21384601F053F8002871D001308A
:10A7E000A0EB070AC1E722699A4221D36269AA4213
:10A7F0001ED86FF00043AB4228BF2B46E16993FBA4
:10A80000F2F3676A02FB03F340465246B847B0F1E1
:10A81000000998DD009A9368A3EB0903A5EB0905ED
:10A820009360002B86D0B4F90CC02368CA4426E795
:10A83000A94528BFA94618464A46514600F08EFC55
:10A84000A2682368A2EB09024B44A2602360002A9D
:10A85000E0D121464046FFF767FC0028DAD072E7D6
:10A86000A946AB4650E70099019200F077FC019AA7
:10A87000A3689B1AA36023681344236093468CE764
:10A8800000995A4600F06AFC23685B442360214625
:10A890004046FFF749FC00283FF47FAF53E74046AE
:10A8A00007F070FA034600287FF423AF2169404681
:10A8B00007F06AFAA3890C22C8F8002023F080036D
:10A8C00043E76A1C924651E70C22B4F90C30C8F8F1
:10A8D00000203AE700FCFF7F2DE9F8430746884651
:10A8E00016464FF000097568013D11D4B468A3897C
:10A8F000012B08D9B4F90E3001332146384602D075
:10A90000C04749EA0009013D6B1C04F16804EED11F
:10A910003668002EE7D14846BDE8F883024B186838
:10A92000416804F099BF00BFD40800200FB400B5FF
:10A93000074983B004AB086853F8042B816801937E
:10A94000FDF71AF903B05DF804EB04B0704700BFDF
:10A95000D40800208B8903F00903092B01D00020C3
:10A960007047024B1868FFF7DFBB00BFD408002018
:10A9700030B5054683B00C4610B1436B002B58D060
:10A98000B4F90C300022990662605FD45A071AD4D9
:10A99000D8065ED519073CD443F00403A38123698C
:10A9A000002B41D0B4F90C309A071FD1D4E904230D
:10A9B00028462260D4E90715A847002860603BDDDF
:10A9C000002003B030BD216B0029E8D004F1400322
:10A9D000994202D0284607F0D7F9E36B6360002262
:10A9E0002263002BDBD0A36B2360E9E701211C4A23
:10A9F000A1811C481C490193FFF76EFF019BA381B5
:10AA000003F00902092AD1D121462846FFF7F2FABC
:10AA1000CCE721462846FFF787FBB8B9A389A06099
:10AA200023F00803A061B7E72146284604F052FF4F
:10AA3000B8E7FFF73FFDA3E7B4F90C3017BF0022DA
:10AA400043F0200343F040036260A3814FF0FF30E6
:10AA5000B7E7092243F040032A60A381F6E700BF6D
:10AA600074060020D808002055A9000800B5034648
:10AA700083B008B1426BE2B1B1F90C004A6E10F438
:10AA8000005F05D140F4005022F4005288814A66EC
:10AA9000920415D418460091FFF76AFF80B9009917
:10AAA000D1E90023501C013BC1E90003107803B039
:10AAB00000BDCDE90001FFF7FDFCDDE90031DBE77A
:10AAC0004FF0FF30F3E700BFB1FA81F252094FF4C3
:10AAD0008063520000F000B82DE9F041614C276816
:10AAE00084B004460E4690461D461FB17B6B002B7A
:10AAF00000F0A180B8F1020F06D0B8F1010F00F20A
:10AB00009E80002DC0F29B80636EDB073ED5214600
:10AB10003846FFF709FB216B41B104F1400399422C
:10AB200002D0384607F030F900232363B4F90C3023
:10AB300000221906A261626056D423F44A6323F00E
:10AB40000303B8F1020FA38155D003AB02AA21463B
:10AB5000384604F031FFA3891843A081EDB1EEB16E
:10AB60007B6B43B3029AB4F90C30AA421CBF43F486
:10AB70000063A381B8F1010F21D01807C4E904656F
:10AB8000266025D5D9074BD4A56023E0A389980575
:10AB9000BDD4A06D00F0FEFCB9E7029D2846FCF78D
:10ABA00003FF064600284DD0A38943F08003A3810C
:10ABB0007B6B002BD6D13846FFF77CFCD2E7C4E98B
:10ABC000046543F0010226601E07A28129D41346C2
:10ABD0000022A260626ED20701D49B0527D5002512
:10ABE000284604B0BDE8F0812169384607F0CCF86A
:10ABF000B4F90C30A1E7002543F00201A181002146
:10AC000004F14302A1600121C4E904212260626EC3
:10AC1000D207E5D49F05E3D4A06D00F0BDFCDFE7CB
:10AC20001A4600236D42A360A5611346D2E7A06DCA
:10AC300000F0B2FCD3E73846FFF73CFC5AE74FF090
:10AC4000FF35CDE7029BAB4207D018460193FCF7D6
:10AC5000ABFE019D06460028A6D1B4F90C304FF09A
:10AC6000FF35C9E7D408002010B50C46B1F90E1025
:10AC700000F034FC002803DB236D0344236510BD82
:10AC8000A38923F48053A38110BD00BF2DE9F041B7
:10AC90001F46B1F90C301646DA050C4605460BD4B2
:10ACA00023F48053A381B4F90E103B463246284664
:10ACB000BDE8F04100F028BC0223B1F90E100022DB
:10ACC00000F0E0FBB4F90C30EAE700BF10B50C4629
:10ACD000B1F90E1000F0D6FBB4F90C30421C0EBFD7
:10ACE00023F4805343F480532065A38110BD00BF3B
:10ACF000B1F90E1000F0A0BB30B5124C0D1E246847
:10AD00009BB019DB0090049014BF01200020281A8A
:10AD10000D49029005900020039119906946204644
:10AD200002F05AFC431CBCBF8B23236015B1009B6F
:10AD300000221A701BB030BD8B2323604FF0FF3010
:10AD4000F8E700BFD40800200802FFFF10B5354B1C
:10AD50000446186882B00B4610B1426B002A53D0EB
:10AD6000B3F90C20110711D51869C8B1B3F90C203B
:10AD700012F0010126D059694FF0000C4942C3F886
:10AD800008C0996120B3002002B010BDD00640D5A4
:10AD9000510723D4186942F008029A810028E5D1AE
:10ADA0009A8902F42072B2F5007FDFD0194620465E
:10ADB000019304F08FFD019BB3F90C20186912F088
:10ADC0000101D8D1940758BF596999600028DAD198
:10ADD0001106D9D542F040029A811FE0196B61B18A
:10ADE00003F14000814206D02046019306F0CCFFDB
:10ADF000019BB3F90C200021196318690021C3E9F4
:10AE0000000122F02402C6E70191FFF753FB019BEA
:10AE1000A6E7092142F0400221609A814FF0FF30FD
:10AE2000B2E700BFD40800202DE9F043064699B0F0
:10AE30000C4617461D4618B1436B002B00F04C81A1
:10AE4000626EB4F90C30D20702D4980540F11D812E
:10AE500003F48473B3F5847F00F02281D4F8288052
:10AE6000B8F1000F00F07281012D5AD035F00203C5
:10AE70000FD016233360636EDD0705D4A3899D05CB
:10AE800002D4A06D00F088FB4FF0FF3019B0BDE890
:10AE9000F08322699946002A68D0B4F90CC040F6C4
:10AEA0001A020CEA020212B24AB91CF4806F7FD176
:10AEB000A54A904561D04CF4006CA4F80CC0214622
:10AEC0003046FFF731F9002840F03881E1692B4620
:10AED0003A463046C047013000F03081216B41B125
:10AEE00004F14003994202D0304606F04DFF0023A2
:10AEF0002363A3892269002123F40263C4E90021AA
:10AF0000A381082204F15C0000F0BAF9636EDA074D
:10AF100003D4A3899B0540F1E280002019B0BDE86D
:10AF2000F08321463046FFF7FFF8B4F90C1011F416
:10AF3000805240F09B80E1692B463046C047421C5E
:10AF400018BFB4F90C10034600F0F88048072269D6
:10AF500040F1918061685B1A216B09B1E16B5B1A6A
:10AF60001F444FF001090025002A96D121463046A2
:10AF7000009304F0AFFC009B8FE7B4F90E1000299A
:10AF800099DB02AA3046009300F068FAB4F90CC0CD
:10AF9000002890D1039A009B02F47042B2F5004F52
:10AFA00089D14CF4806C4FF48062A4F80CC0E26448
:10AFB000002D7AD10097B9F1000F40F08880A38965
:10AFC000D80440F19980236D6068216B1B1A002919
:10AFD00000F08980E26B9B1A0344D4F810C0A06B88
:10AFE000A0EB0C001B1A02EB000E009A9A4204DB45
:10AFF0000EEB0300904200F28980E26C009BE16955
:10B0000052421A40304600230192C04701303FF4BB
:10B0100056AF2369216B23600023019A636049B115
:10B0200004F14003994203D0304606F0ADFE019A88
:10B0300000232363A38923F02003A381009B9B1A91
:10B0400011D0214630460093FFF792FC00287FF490
:10B0500036AF6268009B9A42FFF431AF2168D21A82
:10B060001944C4E90012082200214BE74807236D68
:10B0700022693FF56FAF09077FF572AF2068811A2B
:10B080001944002818BF0B466AE7A06D00F082FA49
:10B09000B4F90C3003F48473B3F5847F7FF4DEAE2F
:10B0A00021463046FFF740F8D8E6B4F90E10019378
:10B0B00002AA304600F0D2F900287FF400AF069AC9
:10B0C000BB180093019BB9F1000F3FF478AF216BDF
:10B0D000606841B1E26B7FE7FFF7ECF9B0E6A06D85
:10B0E00000F05AFA19E72268D4F810C0A2EB0C025B
:10B0F0009B1A02EB000E78E7E16901234A463046CD
:10B10000C047411C03467FF45FAFD8E6D31A0CEB6F
:10B110000300AEEB0302C4E9000241B104F14003B5
:10B12000994202D0304606F02FFE00232363A38904
:10B1300023F020030822A3810021E3E6636EDE07EB
:10B140003FF5A2AE9AE600BFCDAC00081D233360E8
:10B15000636ED9073FF598AE90E600BF884270B5A0
:10B1600031D98B1883422ED9032A00EB02011DD955
:10B1700041EA030C1CF0030F1D4618D14FEA920C54
:10B180000CF1FF36A1EB8C048C4653F804ED4CF81F
:10B1900004EDA445F9D1C6EB867301EB830105EB01
:10B1A000830CACF10403043902F0030252B102F142
:10B1B000FF3C6FEA0C0C9C4413F8012D01F8012DA3
:10B1C0006345F9D170BD032A50D941EA00039B07BA
:10B1D0004ED10F2A51D922F00F0301F1100601F1CF
:10B1E000100C103B203100F1100E19445CF8104C8B
:10B1F0004EF8104C5CF80C4C4EF80C4C5CF8084CBB
:10B200004EF8084C5CF8044C4EF8044C0CF1100C51
:10B210008C450EF1100EE9D1F11812F00C0F034419
:10B2200002F00F0503F1100325D025F0030CACF15B
:10B23000040426461A1F1C198C465CF804EB42F8DD
:10B2400004EFA242F9D1043104333144334405F010
:10B250000302002AB6D0013A0132013B0A4411F838
:10B2600001CB03F801CF9142F9D170BD0346F0E75D
:10B27000013A0346F0E72A46EBE703461546D4E7D2
:10B2800030B584078646034606D0A2B303F8011BF7
:10B29000980702F1FF32F8D1032A26D95FFA81FC20
:10B2A0000CEB0C2C0F2A0CEB0C402AD922F00F0CC3
:10B2B0009C44C3E90000C3E9020010336345F8D1A0
:10B2C00012F00C0F02F00F0417D04FEA940C0CF19F
:10B2D000FF351A4603EB8C0C42F8040B6245FBD198
:10B2E000043304F0030203EB850322B11A4403F88C
:10B2F000011B9A42FBD1704630BD2246002AF5D18F
:10B30000F9E71446E1E700BF8AB340EA01039B076F
:10B3100030B504468E4618D1032A07D815E0043A02
:10B3200023D01CF0803F20D1032A26D92368DEF8E1
:10B330000050A3F10131AB4221EA030C20467146D3
:10B3400004F104040EF1040EE9D003780C78A34252
:10B350000FD1013A024406E06BB110F8013F11F839
:10B36000014FA34205D19042F6D1002030BD1046D6
:10B370007047181B30BD184630BD20467146E4E7C3
:10B3800010B504460843830701D1032A19D8A446FF
:10B3900001F1FF3E07E01EF8011F03F8011B501EDC
:10B3A00031B19C4602466346002AF4D1204610BDC6
:10B3B00094440028FAD003F8011B6345FBD12046D2
:10B3C00010BD0B46A44618681946A0F1013323EAC4
:10B3D000000313F0803F01F10403D9D1043A032A9A
:10B3E0004CF8040BEFD81946D2E700BF90F800C024
:10B3F000BCF1000F13D010B50C78864664B10A4634
:10B40000234602E012F8013F33B19C45FAD11EF801
:10B4100001CFBCF1000FF2D1AEEB000010BD6046D1
:10B42000704700BF014B93F8100270478006002060
:10B43000004870475808002038B5074C00230546DF
:10B4400008462360F8F76EF8431C00D038BD236827
:10B45000002BFBD02B6038BD482B002038B5084CA2
:10B4600000230546084611462360F8F720F9431CDF
:10B4700000D038BD2368002BFBD02B6038BD00BF47
:10B48000482B002038B58C46084C114605461A4614
:10B49000604600232360F8F7EAF8431C00D038BD6B
:10B4A0002368002BFBD02B6038BD00BF482B002049
:10B4B00038B58C46084C114605461A4660460023AE
:10B4C0002360F8F7C3F9431C00D038BD2368002B74
:10B4D000FBD02B6038BD00BF482B002038B58C4610
:10B4E000084C114605461A46604600232360F8F7CB
:10B4F00061F8431C00D038BD2368002BFBD02B60C3
:10B5000038BD00BF482B002038B58C46084C11468A
:10B5100005461A46604600232360F8F71FF8431CCF
:10B5200000D038BD2368002BFBD02B6038BD00BF96
:10B53000482B0020014B1868704700BFD40800203A
:10B5400070B50E4E0E4DAE4208D0761BB6100024DC
:10B5500055F8043B01349847A642F9D8094E0A4DE4
:10B5600007F040FAAE4208D0761BB610002455F81A
:10B57000043B01349847A642F9D870BDE80E00207C
:10B58000E80E0020080F0020E80E0020704700BFE2
:10B59000704700BF704700BF704700BF0000000049
:10B5A00002780B78012A28BF9A4240F0D8806DE9D2
:10B5B000044540EA0104CDE902676FF0000C4FEA50
:10B5C00044721AB380EA010414F0070F6BD100F043
:10B5D000070420F0070004F0030521F007014FEAFB
:10B5E000C505F0E8042314F0040FF1E804670CFA31
:10B5F00005F462EA040266EA04060BD063EA040377
:10B60000624667EA0407664604E000BFF0E80423E8
:10B61000F1E8046782FA4CF582EA0604A4FA8CF495
:10B620006CBB83FA4CF583EA0705A5FA8CF595B94E
:10B6300050E9022351E9026782FA4CF582EA0604D6
:10B64000A4FA8CF483FA4CF583EA0705A5FA8CF585
:10B650002543DBD09CB92DBAB5FA85F424F0070454
:10B6600027FA04F1DDE9026723FA04F303F0FF008F
:10B6700001F0FF01FDE80445A0EB0100704724BA8A
:10B68000B4FA84F424F0070426FA04F1DDE9026731
:10B6900022FA04F202F0FF0001F0FF01FDE8044588
:10B6A000A0EB0100704714F0030F3CD110F003042D
:10B6B00028D150F8082B51F8083B82FA4CF582EA61
:10B6C0000305A5FA8CF55DB950F8042C51F8043C3B
:10B6D00082FA4CF582EA0305A5FA8CF5002DE8D034
:10B6E0002DBAB5FA85F424F0070423FA04F122FAFE
:10B6F00004F202F0FF0001F0FF01FDE80445A0EBB9
:10B70000010070474FEAC40420F0030050F8082BF2
:10B7100021F0030151F8083B0CFA04F462EA040238
:10B7200063EA0403C9E710F003041DD0A1EB040190
:10B7300020F00300E40750F8042B06D012D28B78D7
:10B740005FFAA2F4E41A06D12BB1CB785FFAB2F417
:10B75000E41A00D133B920465DF8104B7047A2EBD4
:10B760000300704701F1040150F8042BCC0721F0CD
:10B77000030151F8043B48D824D222F07F4482FAD6
:10B780004CF594EA1325A5FA8CF50AD165B951F860
:10B79000043B84EA0204B4EB036F0ED150F8042B8F
:10B7A000EBE74FEA132355E035F07F454DD108789C
:10B7B000FDE80445C0F1000070474FEA126203F053
:10B7C000FF0347E002EA1C4482FA4CF594EA134571
:10B7D000A5FA8CF50AD165B951F8043B84EA020454
:10B7E000B4EB034F0CD150F8042BEBE74FEA1343B3
:10B7F00030E015EA1C4528D10B884FEA124229E0B7
:10B800004FEA124203EA1C4324E002F0FF0482FAEA
:10B810004CF594EA1365A5FA8CF50AD165B951F88F
:10B82000043B84EA0204B4EB032F09D150F8042B43
:10B83000EBE74FEA13630DE015F0FF0F05D10B683E
:10B840004FEA122223F07F4304E04FF00000FDE8AE
:10B850000445704712BA1BBA82FA4CF482EA030418
:10B86000A4FA8CF5B5FA85F402FA04F203FA04F3AB
:10B870004FEA1260FDE80445A0EB1360704700BF7B
:10B8800001F0FF01102A2BDB10F0070F08D010F891
:10B89000013B013A8B422DD010F0070F42B3F6D195
:10B8A000F0B441EA012141EA014122F007047FF0AE
:10B8B00000070023F0E80256083C85EA010586EA05
:10B8C000010685FA47F5A3FA87F586FA47F6A5FA41
:10B8D00087F68EB9EED1F0BC01F0FF0102F007024D
:10B8E00032B110F8013B013A83EA010313B1F8D1F8
:10B8F0000020704701387047002D06BF35460338D9
:10B90000073815F0010F07D1013015F4807F02BF11
:10B91000013015F4C03F0130F0BC0138704700BF62
:10B92000844641EA000313F003036DD1403A41D34A
:10B9300051F8043B40F8043B51F8043B40F8043B09
:10B9400051F8043B40F8043B51F8043B40F8043BF9
:10B9500051F8043B40F8043B51F8043B40F8043BE9
:10B9600051F8043B40F8043B51F8043B40F8043BD9
:10B9700051F8043B40F8043B51F8043B40F8043BC9
:10B9800051F8043B40F8043B51F8043B40F8043BB9
:10B9900051F8043B40F8043B51F8043B40F8043BA9
:10B9A00051F8043B40F8043B51F8043B40F8043B99
:10B9B000403ABDD2303211D351F8043B40F8043B39
:10B9C00051F8043B40F8043B51F8043B40F8043B79
:10B9D00051F8043B40F8043B103AEDD20C3205D349
:10B9E00051F8043B40F8043B043AF9D2043208D041
:10B9F000D2071CBF11F8013B00F8013B01D30B88B3
:10BA000003806046704700BF082A13D38B078DD090
:10BA100010F003038AD0C3F10403D21ADB071CBF62
:10BA200011F8013B00F8013B80D331F8023B20F8CC
:10BA3000023B7BE7043AD9D3013A11F8013B00F805
:10BA4000013BF9D20B7803704B7843708B7883708D
:10BA50006046704700000000000000000000000089
:10BA600000000000000000000000000000000000D6
:10BA700000000000000000000000000000000000C6
:10BA800030B490F800F020F007016FF0000C10F0D7
:10BA9000070491F820F040F048804FF000046FF068
:10BAA0000700D1E9002391F840F000F1080082FA84
:10BAB0004CF2A4FA8CF283FA4CF3A2FA8CF34BBB4F
:10BAC000D1E9022382FA4CF200F10800A4FA8CF2C8
:10BAD00083FA4CF3A2FA8CF3E3B9D1E9042382FA96
:10BAE0004CF200F10800A4FA8CF283FA4CF3A2FAAB
:10BAF0008CF37BB9D1E9062301F1200182FA4CF2E3
:10BB000000F10800A4FA8CF283FA4CF3A2FA8CF349
:10BB1000002BC6D0002A04BF04301A4612BAB2FA6B
:10BB200082F200EBD20030BC7047D1E9002304F070
:10BB30000305C4F100004FEAC50514F0040F91F8A5
:10BB400040F00CFA05F562EA05021CBF63EA050342
:10BB500062464FF00004AAE770B5154E154621F075
:10BB6000004C0024B44502460B462C601DD85CEA0C
:10BB700000061AD02E460F4D0D408E464DB90022BC
:10BB80000D4B05F00DFC6FF0350402468E4621F09A
:10BB9000004C4FEA2C516FF31E5EA1F2FE3121449E
:10BBA0004EF07F5343F4001331601046194670BDC8
:10BBB000FFFFEF7F0000F07F000050432DE9F04FC2
:10BBC00003690C69A34283B0C0F28880013C01F193
:10BBD000140500F1140855F8243058F824200133D6
:10BBE00008EB84069A4200964FEA840B05EB840723
:10BBF000B2FBF3F63AD300230191C64629469C4690
:10BC000051F8042BDEF800901FFA82FA06FB0A3383
:10BC10004FEA134A120C06FB02A29BB21FFA89FAE2
:10BC2000AAEB030363441FFA82FCCCEB234C0CEB1E
:10BC3000194C9BB243EA0C438F424EF8043B4FEA47
:10BC40002C4C4FEA1243DBD258F80B3001996BB9F8
:10BC5000009B043B984504D307E0984504F1FF346A
:10BC600003D21A68043B002AF7D00461814601F030
:10BC700035FB00282EDB01364146002255F8040B27
:10BC8000D1F800C01FFA80FE1FFA8CF3A3EB0E035D
:10BC90001344020CC2EB234202EB1C429BB243EA68
:10BCA0000243AF4241F8043B4FEA2242E6D258F841
:10BCB000242008EB84036AB9043B984504D307E0C9
:10BCC000984504F1FF3403D21A68043B002AF7D0E8
:10BCD000C9F81040304603B0BDE8F08F002003B033
:10BCE000BDE8F08F000000002DE9F04F816BA1B09E
:10BCF00016461F46CDE904672D9D044641B1C26B2F
:10BD00004A60012393408B6001F05EF80023A36337
:10BD1000B7F10009B4BF012300232B60B84BBCBFAF
:10BD200029F00049CDF8149033EA090300F0A4800B
:10BD30009DED047B002251EC170B00238DED027B5F
:10BD400005F096FD824668B12C9A012313602E9B64
:10BD500013B12E9AAB4B1360AB4B0793079821B0EE
:10BD6000BDE8F08F1EAB01931FAB00932046DDE9C9
:10BD7000022301F093FB5FEA1955DDF878808346D2
:10BD800040F090801F9D454405F23243202B40F344
:10BD90003682C3F1400309FA03F905F2124326FA89
:10BDA00003F349EA030005F081FA0122013DA1F104
:10BDB000F873109219460022944B05F039F98AA3C2
:10BDC000D3E9002305F0ECFA89A3D3E9002305F0B9
:10BDD00031F9064628460F4605F078FA86A3D3E9DE
:10BDE000002305F0DDFA02460B463046394605F0E1
:10BDF00021F906460F4605F083FD002281460A9090
:10BE000000233046394605F03DFD002840F01D81F5
:10BE1000A8EB05080A9D08F1FF36162D089600F2DA
:10BE2000FF807B4B03EBC503D3E90023DDE902016F
:10BE300005F028FD002840F0DC81804540F3968520
:10BE40002E440E9008960D950B9000230C932A9B80
:10BE5000092B3BD8052BC4BF043B2A932A9BA3F193
:10BE60000203CCBF00250125032B31D8DFE813F0F6
:10BE70003D023A022F02D0012C9AC9F3130942F273
:10BE80000F7359EA0609136019D12E9B002B00F09D
:10BE90003F87604B079308332E9A0798136021B0B1
:10BEA000BDE8F08FDDE90201C1F3130343F07F53D6
:10BEB000A5F2FF35CDF840A043F440137AE72E9B5E
:10BEC000002B40F0A181544B079347E700232A93AE
:10BED0000025E5632946204600F04CFF0790002826
:10BEE00000F0B486079BA3631F9B002BC0F2BB80AE
:10BEF0000A9A0E2A00F3B780454B03EBC20393ED79
:10BF0000007BDDE9028957EC176B404632463B4621
:10BF100049468DED087B05F06DFB05F0F1FC05460B
:10BF200005F0D4F932463B4605F03AFA0B46024694
:10BF30004946404605F07CF805F13003079D05F8B9
:10BF4000013B4FF0FF3ACDF808B004944FF00109DF
:10BF50005446DDE908AB1DE052465B4630463946A3
:10BF600005F048FB05F0CCFC804605F0AFF95246E1
:10BF70005B4605F015FA09F101090B460246394600
:10BF8000304605F055F808F13003A14505F8013BAE
:10BF900000F05C85214B002205F002FA002200230C
:10BFA00006460F4605F064FC0028D5D00A9BDDF854
:10BFB00008B0049C01330493A9465946204600F07A
:10BFC00003FF002389F800302C9B049A1A602E9BF3
:10BFD000002B3FF4C3AE0798C3F8009021B0BDE832
:10BFE000F08F00BFAFF3008061436F63A787D23F3C
:10BFF000B3C8608B288AC63FFB799F501344D33F58
:10C000000000F07FCD4B0108CC4B01080000F83F49
:10C01000884D0108184C0108244C010800002440F8
:10C0200001230E93089B002BC0F2DD8000230B93AD
:10C030000A9B002B80F2D280DDE90A32D21A5B42E1
:10C040000C9300230B920D9301E7484605F03EF94F
:10C0500032463B4605F00CFC00287FF4D9AE09F1CE
:10C06000FF330A93D4E64FF0FF3A2B95CDF83CA06E
:10C07000109A002A40F03C811E9BDDF83080C3F10D
:10C080003603089A0B9F1A44012120460892FD1896
:10C0900000F060FF0646002F40F0BB820C9B002B97
:10C0A00000F0EF83B8F1000F40F0D48359460C9AAA
:10C0B000204601F041F8012383460C9301212046DC
:10C0C00000F048FF0D9B0290002B40F05B822A9B02
:10C0D000012B40F3C5820120089B184410F01F007B
:10C0E00000F00B811B2800F3D5820B9AC0F11C00D5
:10C0F0000244034405440B920893002D05DD594684
:10C100002A46204601F074F88346089B002B05DD83
:10C1100002991A46204601F06BF802900E9B002B04
:10C1200040F01282BAF1000F40F3E8810C9B002B23
:10C1300040F032810A9B01330493079FDDF8089099
:10C14000012507E0594600230A22204600F046FE5A
:10C150000135834649465846FFF730FD554500F105
:10C16000300807F8018BEDDB079BBAF1000F0AF1ED
:10C17000FF3503F10102D8BF002505EB020A0025B7
:10C1800059460122204601F033F80299834601F016
:10C19000A5F8002840F37883079A02E0924500F062
:10C1A000B083D1460AF1FF3A19F8013C392BF5D09A
:10C1B00001338AF800300299204600F005FE002E77
:10C1C0003FF4FBAE2DB1B54203D02946204600F026
:10C1D000FBFD3146204600F0F7FDEEE6089A0D9390
:10C1E0001A44089231E6C8F101030B930023089327
:10C1F0001EE70A9B013B0A9300230E9312E7C3F14B
:10C20000200306FA03F0CEE5AC4B0793033343E675
:10C21000012312932B9B0A9A134403F1010A5646F9
:10C22000012E0F93B8BF0126172E40F3628501221D
:10C2300004235B0003F11400B042114602F1010235
:10C24000F7D9E163204600F095FD0790002800F043
:10C25000FD84BAF10E0FA06358D8002D56D00A9A6B
:10C26000002A40F35583964902F00F0301EBC30304
:10C27000D605D3E900894FEA221540F10884914B95
:10C28000DDE90201D3E9082305F0B4F9CDE9140191
:10C2900005F00F050327002D00F01F82894E01E0F5
:10C2A0006D100836E80703D46D100836E907F7D596
:10C2B00040464946D6E9002305F072F86D1007F1B3
:10C2C00001078046894600F008820836EEE7012320
:10C2D00012932B9B002B40F3AC812B9B0F939A4620
:10C2E0001E46A1E70023129394E700231293F0E780
:10C2F000DDF8308003F23343C3E61C200B9B03447C
:10C300000B93089B034405440893F6E61F9B002B00
:10C31000C0F24E810A9A0E2A00F34A81684B1C93A0
:10C320001C9B0A9A03EBC20393ED007B2B9B002B13
:10C330008DED087B80F2B283BAF1000F00F3AE837B
:10C3400040F0D482604B0022DDE9080105F028F8B6
:10C3500002460B46DDE9020105F09EFA514600282F
:10C3600040F0C582DDF81C90312309F8013B2046DE
:10C3700000F02AFD0A9B023304931EE63146002397
:10C380000A22204600F02AFD0F9B002B064640F3B0
:10C39000A784DDF83CA00A950B9B002B05DD3146F8
:10C3A0001A46204600F024FF06460D9B002B40F065
:10C3B00036833746079D6B1E53440C93049B03F052
:10C3C00001030D9302995846FFF7F8FB3146824668
:10C3D00000F13008584600F081FF029981463A4644
:10C3E000204600F09BFFC3680146002B36D10B901E
:10C3F000584600F073FF0B990890204600F0E4FCCB
:10C40000089A002A62D12A9B1BB90D9B002B00F0D1
:10C410004F84B9F1000F42DB0C9BAA469D420AF8FB
:10C42000018B00F05E83594600230A22204600F06B
:10C43000D5FCBE42834631464FF000034FF00A025E
:10C44000204635D000F0CAFC3946064600230A22B1
:10C45000204600F0C3FC55460746B3E7204600F0EF
:10C46000B3FCB9F1000F08DB049B03F001022A9B27
:10C4700049EA030952EA090236D159460122204607
:10C4800000F0B6FE0299834600F028FF002840F332
:10C49000F783B8F1390F00F0C5830AF13108A946D6
:10C4A00009F8018B0A9B0133354604933E4682E628
:10C4B00000F094FC55460646074683E7244C0108E5
:10C4C000884D0108604D010800001440B9F1000FCB
:10C4D000C0F229842A9B49EA03090D9B53EA090902
:10C4E00000F02184002A97DDB8F1390F00F09A831B
:10C4F000A94608F1010309F8013BD3E72A9B022B67
:10C500007FF714AEBAF1000F40F05B8202995346F8
:10C510000522204600F062FC01460290584600F0D9
:10C52000DDFE504540F34D82DDF81C900299312329
:10C5300009F8013B204600F047FC0A9B02330493B4
:10C54000002E7FF446AE38E50299584600F0C6FE4C
:10C550000028BFF6E7AD594600230A2220460A9D6F
:10C5600000F03CFC0C9B013D8346002B7FF406AFA2
:10C570000F9B002B40F3A7830A9BDDF83CA004939C
:10C580000A95DAE51A460146204600F0D5FD2A9BB9
:10C590000290012B40F3368200230D93029A136917
:10C5A00002EB8303186900F06BFCC0F1200093E5F7
:10C5B000129AAAB90B9B002B72D10C9B002B40F056
:10C5C00081801D461E4679E51F9BDDF858B0DDF8D9
:10C5D00060A0149C002B03DB0A9A0E2A7FF7A0AE02
:10C5E0002A9A012A7FF744AD0C9B0AF1FF37BB4220
:10C5F000C0F2C581BAF1000FA3EB070880F2608397
:10C60000012120460B9D00F0A5FCA5EB0A0706467C
:10C610000B97089B002B7FF741AD0B9A08998A4234
:10C620001346A8BF0B46D21AED1ACB1A0B920893E9
:10C6300034E50021E163204600F09CFB07900028D0
:10C6400000F00483079BA363002D40F0C8811F9B6B
:10C65000AB42C0F21C8301220F922B92924659E604
:10C66000049B002B7FF437AD059BC3F31303002B12
:10C670007FF431AD059B23F000431B0D1B05002B00
:10C680003FF429AD089B01330893012301350D9335
:10C69000184621E51C283FF430ADC0F13C002DE6E2
:10C6A000089B002B00F024820B9A08990C9E8A426A
:10C6B0001346A8BF0B46D51ACB1A08930B95002E2C
:10C6C0003FF4FCAC59460C9A204600F035FD00239F
:10C6D0000B9D0C9383461E46F0E442464B46DDE933
:10C6E000140104F087FF804689460E9B43B1BE4B80
:10C6F00000224046494605F0C5F8002840F06B820C
:10C70000384604F0E3FD42464B4604F049FEB74B81
:10C71000002204F08FFC0546A1F15076BAF1000F1B
:10C7200000F0CB800A9B1D93CDF850A0B04B14991C
:10C730001C9303EBC10313ED027B49464046CDE950
:10C7400018568DED1A7B05F0DBF800F1300604F089
:10C75000BDFD02460B464046494604F069FC079B76
:10C76000894612995D1C8046CDE91689DDE91A23B8
:10C770002F46002900F0C3819E49002004F03AFFB3
:10C78000DDE9182304F054FC079B42461E704B461B
:10C79000CDE9120105F094F8002840F0AE82DDE901
:10C7A0001667A846CDF860A08146DDF850A0CDF808
:10C7B00058B01494DDE912452BE009F10109D14587
:10C7C000BFF602AF8C4B20462946002204F0E8FD5C
:10C7D000894B002204460D463046394604F0E0FD00
:10C7E0000F46064605F08CF800F1300B04F06EFDA4
:10C7F00002460B463046394604F01AFC08F801BBE5
:10C8000022462B4606460F4605F03CF8002840F02D
:10C81000468232463B467449002004F009FC224619
:10C820002B4605F02FF80028C7D01D9EDDF858B024
:10C83000149C079A4546013602E0954200F0EF81CC
:10C84000A94615F8013D392BF7D001332B7004961A
:10C85000FFF7B3BB31464246204600F06DFC5A4616
:10C8600001460646204600F0A3FB594607462046EF
:10C8700000F0AAFA0C9BB3EB0803BB460C937FF4C1
:10C8800015AC01230C9319E403D118F0010F7FF4C8
:10C8900083ACD1461AF8013D302BFAD08BE43846F0
:10C8A00004F014FD42464B4604F07AFD4F4B002243
:10C8B00004F0C0FB0546A1F15076504B4046494676
:10C8C000002204F0B5FB2A4633468046894604F030
:10C8D000F7FF002840F0B281404649462A4606F15B
:10C8E000004304F0CFFF00283FF410AD00212046A4
:10C8F00000F06AFA2B9BDDF81C905B420493FFF773
:10C900005CBB0A9B079A023304933123137052E4F1
:10C9100000F05D810A9B364A5D4205F00F0302EB91
:10C92000C303D3E90023DDE9020104F039FD2D1131
:10C930008046894600F0DB81314E022701E06D1010
:10C940000836EA0703D46D100836EB07F7D54046E2
:10C950004946D6E9002304F023FD6D1007F10107D5
:10C96000804689463FF4C1AE0836EEE7C8F10103C0
:10C970000B930A9B0E9008930D93FFF766BA0C9BDE
:10C980000D9AFB1A1A44089B0D92534408930B9B73
:10C990000121204603EB0A0500F0DCFA0B9B0C9703
:10C9A0000646002B3FF482AB0B9A08998A42134645
:10C9B000A8BF0B46D21AED1ACB1A0B920893FFF7B9
:10C9C00075BB0299204600F0FFF92B9BDDF81C9007
:10C9D0005B420493002E7FF4FCABFFF7EEBA0F9599
:10C9E0002B95AA463BE400BF0000F03F00001C402E
:10C9F000884D01080000E03F000024400000144082
:10CA0000604D0108049B002B7FF4C6ADDDE90412E4
:10CA1000C2F31303002B00F024810D91BEE5716871
:10CA2000204600F0A7F90546002800F0758133691B
:10CA300002339A0006F10C010C30FEF771FF294613
:10CA40000122204600F0D4FB0746B3E4DDF808B02D
:10CA5000049C02460B4604F0EDFA0A9B0133049352
:10CA60001E46DDE9082381468A4604F029FF48B9BD
:10CA7000DDE908234846514604F0FAFE20B118F0DB
:10CA8000010F01D0079ADBE6A946FFF796BA9DEDA4
:10CA9000027B02278DED147BFFF7FDBB079B5F1C1C
:10CAA000DDE90256DDE908232846314604F0A2FDFF
:10CAB00004F026FF804604F009FCDDE9082304F0B9
:10CAC0006FFC02460B462846314604F0B1FA079A3D
:10CAD00008F13003BAF1010F3D4613707FF433AA19
:10CAE000B7E70A9B0133354604933E46FFF748BB40
:10CAF0000C9E002E7FF4E6AD0B9DFFF7DFBADDE95B
:10CB0000180104F04DFC079B1E70149B012BCDE90E
:10CB1000100127D0079B149ACDF848B0DDE9160123
:10CB200003EB0209A846AB46814B002204F038FC17
:10CB30000F46064604F0E4FE00F1300504F0C6FBA3
:10CB400002460B463046394604F072FA08F8015B9B
:10CB5000C845E9D15F46149BDDF848B0CDE9160120
:10CB60007D1E1D44734B0022DDE9100104F062FAC2
:10CB7000DDE9168942464B4604F084FE00286CD15C
:10CB8000DDE910236B49002004F052FA42464B467F
:10CB900004F096FE80B91F9B8342FFF60BAD0A9B03
:10CBA0000E2B3FF707AD1C9B0A9A03EBC20696EDCE
:10CBB000007B8DED087B73E7A946013D19F8013C28
:10CBC000302BF9D01D9B01330493FFF7F6B9DDE953
:10CBD0000289022789E5BAF1000F3FF460AE0F9B8E
:10CBE000002B7FF793AB0A9A514B013A40464946D6
:10CBF0001D92002204F0D4FB80468946781C04F084
:10CC000065FB42464B4604F0CBFB4B4B002204F045
:10CC100011FA0F9B14930546A1F1507686E5013673
:10CC2000312313E6AA4639230AF8013B0A9B079AE7
:10CC30000133354604933E46FFF7B3BADDF81C9046
:10CC4000312309F8013B0021FFF791BB3B4B3C48E6
:10CC5000002240F2AF1102F0F3FE1D9E079A01364A
:10CC6000EEE5059B23F000431B0D1B05002B3FF455
:10CC700094AC089B01330893012301350D938DE497
:10CC80007FF40DAC18F0010F7FF403AC07E4129BA6
:10CC9000002B38D101230F932B939A468AE41D9BD6
:10CCA000DDF858B0149C01330493C146FFF785B9F1
:10CCB000B8F1390FB6D091453FF7EFABFFF7EFBBB7
:10CCC0005346FFF7DEB92A9A022A05DC0A9A049233
:10CCD0009A460A95FFF731BA0A95DDF83CA011E4AF
:10CCE0002A9A0A95022AF8DC9A46FFF755BB0227D2
:10CCF000FBE40021E163FFF7A5BA1D9B0133049318
:10CD0000A946FFF75AB9129B2B939A460F936BE4EF
:10CD10000C4B0793FFF722B8084B09482A4640F20C
:10CD2000EF2102F08DFE002A3FF7A7ABFFF7B7BB5C
:10CD3000000024400000E03F00001C40284C010897
:10CD40003C4C0108184C010882B049B15AB16BB192
:10CD500013780B601278101E18BF012002B07047C4
:10CD600001A9002AF3D1104602B070476FF001000C
:10CD7000F4E700BF30B5436C83B005460C4653B1B1
:10CD800053F8240088B1026843F824200023C0E946
:10CD9000033303B030BD2122042104F0F7FF034622
:10CDA00068640028ECD10020F3E7012101FA04F3C4
:10CDB0005A1D92002846019304F0E8FF0028F2D0A3
:10CDC000019B44608360E1E731B1436C4A6853F8EA
:10CDD0002200086043F82210704700BF2DE9F0419F
:10CDE0000E6917460D461C4601F114024FF0000E65
:10CDF00011688BB207FB03434FEA134C090C07FB86
:10CE000001CC0EF1010E9BB203EB0C43764542F8C8
:10CE1000043B4FEA1C44EBDC3CB1AB68B34207DD9A
:10CE200005EB860301365C612E612846BDE8F08182
:10CE3000696801318046FFF79DFF0746B0B12A6956
:10CE4000023205F10C0192000C30FEF769FDD8F8B2
:10CE500044306A6853F82210296043F822503D4656
:10CE600005EB860301365C612E61DEE7024B034869
:10CE70003A46BA2102F0E4FD284C0108984C01081A
:10CE8000B0F5803F034636BF030400201020B3F105
:10CE9000807F3CBF1B020830B3F1805F06D3B3F143
:10CEA000804F0FD29A0012D4033070471A01B2F1AA
:10CEB000804F00F1040006D29B0108D45B00F3D43C
:10CEC000202070471A46002AFBDB013070470230F1
:10CED000704700BF0368590708D0DA071FD49907C5
:10CEE0002AD55B0803600122104670479AB282B9C6
:10CEF0001B0CDAB2B2B11022190701D104321B099E
:10CF0000990714D0D90701D401325B080360104699
:10CF10007047DAB24AB11A0717D10422EFE70022AC
:10CF20001046704718221B0AE6E70822FBE759075C
:10CF300007D502329B08E9E79B08022203601046EE
:10CF40007047DB0804D12022CEE7DB080322DDE7AF
:10CF50000332DBE738B5436C04460D464BB15868E5
:10CF6000B0B102685A6000220123C0E90323456181
:10CF700038BD2122042104F009FF03466064002823
:10CF8000EDD1094B0948002240F2451102F058FD4D
:10CF90001C220121204604F0F9FE0028F1D00122D4
:10CFA0000223C0E90123DEE7284C0108984C010860
:10CFB0002DE9F04F0F691569AF4285B00E469046D6
:10CFC00005DB2A4643463D46884617461E46D8F8A6
:10CFD0000830D8F80410EC19A342B8BF0131FFF7AC
:10CFE000C9FE8446002800F09C80143000EB840EBB
:10CFF000704505D20346002143F8041B9E45FBD82B
:10D00000143606EB870296427CD208F1140707EB30
:10D010008505A5EB080308F11508A845A3F115033C
:10D02000CDE902E44FEA930A8CBF00240124914623
:10D03000E34605E0090C34D1B14500F104005ED9A6
:10D0400056F8041B8AB2002AF4D0CDE90090B84605
:10D050008646002358F8041BDEF800001FFA81F909
:10D060004FEA114C81B202FB0911000C194402FB7A
:10D070000C0000EB114089B241EA004145454EF8F1
:10D08000041B4FEA1043E5D8DDE90090002C4FEA7D
:10D090008A0208BF00220244536056F8041C090C9F
:10D0A000CAD00368CDF800908846BC468646002268
:10D0B0001946BCF8009008FB092909EB11499BB2FD
:10D0C00043EA09434EF8043B5CF8043BDEF80010E9
:10D0D0001B0C8AB208FB032303EB194365454FEA97
:10D0E0001342E6D8002C4FEA8A02DDF8009008BF10
:10D0F00000220244B145536000F10400A0D8DDE9EC
:10D1000002E4DC46002C02DC05E0013C03D05EF8C2
:10D11000043D002BF9D06046CCF8104005B0BDE8C6
:10D12000F08F034B034862464FF4B17102F088FC64
:10D13000284C0108984C0108F8B512F00303144676
:10D1400007462FD10E46A4102AD03D6C002D32D0B8
:10D1500004F0010364103BB92868B8B1054604F037
:10D1600001036410002BF7D02A4631463846FFF7FA
:10D170001FFF36B17B6C716853F82120326043F891
:10D18000216074B1064628680028E7D12A4629465E
:10D190003846FFF70DFF0023286003600546DEE7F1
:10D1A0003046F8BD013B0F4A52F823200023FFF719
:10D1B00015FE0646C7E701213846FFF7DBFD0546A9
:10D1C00040B1012340F27122C0E9043200233864E7
:10D1D0000360BDE7044B05482A4640F2451102F0C2
:10D1E0002FFC00BF544D0108284C0108984C010841
:10D1F0002DE9F0470D4691462E69AB68496806EB6C
:10D200006216741C9C4207464FEA621804DD5B00FC
:10D210009C4201F10101FADC3846FFF7ABFD844680
:10D2200000284FD0B8F1000F00F114000BDD08F119
:10D2300005010CEB81010346002243F8042B8B42CD
:10D24000FBD100EB8800296905F1140319F01F08D0
:10D2500003EB810E2ED0C8F1200902464FF0000AE0
:10D26000196801FA08F141EA0A0142F8041B53F86F
:10D27000041B9E4521FA09FAF2D8AEEB0503153BD3
:10D2800023F0030305F11502964538BF002304334C
:10D2900040F803A0BAF1000F00D134467B6C6A68F5
:10D2A000CCF8104053F822102960604643F8225011
:10D2B000BDE8F087043853F8042B40F8042F9E454E
:10D2C000F9D8EAE7034B044862464FF4EF7102F0E5
:10D2D000B7FB00BF284C0108984C010803690A6994
:10D2E00000B5B3EB020E12D100F1140C14310CEBAB
:10D2F000820301EB820101E09C4508D253F8040D42
:10D3000051F8042D9042F7D003D24FF0FF3E704603
:10D3100000BD4FF0010E704600BD00BF2DE9F04F7B
:10D3200017460A693B69A2EB0308B8F1000F83B006
:10D330000C4615D1143107F1140505EB830501EBFB
:10D34000830302E0994280F0858053F8046D55F81C
:10D35000042D9642F6D080F08A804FF0010805E057
:10D36000FBDB3B464FF000080F461C467968FFF791
:10D3700001FD002800F086803A692669C0F80C801B
:10D3800007F1100107F11408834600F1140704F1B6
:10D39000140008EB820E944600EB86060023B94683
:10D3A000C2460A46019450F8041B52F8045F8CB23E
:10D3B0001FFA85F8A8EB0408090C9844C1EB154145
:10D3C00001EB28411FFA88F848EA0144864249F8EF
:10D3D000044B4FEA2143E6D8A146019C301B153887
:10D3E000153420F00300A64238BF00200AEB0001EC
:10D3F0000431C4198E4562460846DC4698BF234670
:10D400001AD9A7EB0A070434C61950F8045B13FABB
:10D4100085F82B442D0C05EB28459BB243EA0549C2
:10D420008645C6F800904FEA2543EDD80EF1FF334C
:10D430005B1A23F003032344B9F1000F04D153F81E
:10D44000041D013A0029FAD06046CCF8102003B040
:10D45000BDE8F08F0021FFF78DFC844658B1012212
:10D460000023C0E90423604603B0BDE8F08F3B46CB
:10D4700027461C467AE7074B0748624640F23721A9
:10D4800002F0DEFA0246034B034840F2452102F067
:10D49000D7FA00BF284C0108984C010830B501218B
:10D4A00085B0CDE90023FFF765FCDDE900230546E3
:10D4B000002844D0C3F30A54C3F313010CB141F460
:10D4C0008011002A039114D103A8FFF703FD039BE9
:10D4D0006B610121203029610CB3089BA4F2334415
:10D4E00004441C60099BC0F135001860284605B053
:10D4F00030BD02A80292FFF7EDFCDDE9022328B15E
:10D50000C0F1200103FA01F10A43C340002B0CBF14
:10D5100001210221C5E905232961002CDDD105EB9C
:10D520008102A0F232431069089A1360FFF7A8FC49
:10D53000099BC0EB41101860284605B030BD034B75
:10D5400003482A4640F20F3102F07AFA284C0108CB
:10D55000984C010849B1FF2A02D80A70012070478F
:10D560008A2303604FF0FF3070470846704700BFC2
:10D5700030B5044687B05BB110480193D0F8C8516C
:10D5800071B12046A847421C019B10D007B030BDA6
:10D5900000F5827309480193D0F8C8510029F0D1F1
:10D5A0000A46204603A9A847421C019BEED1002150
:10D5B0008A221960226007B030BD00BF80060020BB
:10D5C00010B582B0049CCDE900344FF0FF3302F077
:10D5D000D3FA02B010BD00BF2DE9F04FDDB00C460C
:10D5E0000A9115460E938346FDF722FF03681793B1
:10D5F0001846FEF745FA0822169000212CA8FDF7E0
:10D600003FFEA3891B0603D52369002B01F0C680CA
:10D610009FED757B00239E46CDE91AEE8DED127BC2
:10D62000CDE9313333AB30939846CDF860E0CDF897
:10D6300064E0CDF820E0CDF844E02E4634466C4B53
:10D64000D3F8CC51FDF7EEFE2CAA0346009226A992
:10D6500022465846A847002800F09780C0F28D80E7
:10D66000269A252A034601D01C44E8E7A71B054655
:10D6700040F08E8000234FF0FF328DF88F309A46B5
:10D68000099301342378079201349946A9F12003C4
:10D690005A2B00F2AF80DFE813F0E902AD00AD00D5
:10D6A000E502AD00AD00AD00C802AD00AD008802DE
:10D6B0009702AD009302AB02AD00A7025B005B00D6
:10D6C0005B005B005B005B005B005B005B00AD0030
:10D6D000AD00AD00AD00AD00AD00AD002701AD0067
:10D6E0007E019503270127012701AD00AD00AD00A4
:10D6F000AD009103AD00AD00F302AD00AD00AD0093
:10D700005502AD004C03AD00AD00FA07AD00AD0011
:10D71000AD00AD00AD00AD00AD00AD002701AD0026
:10D720007E016901270127012701D60369016C00E9
:10D73000AD00F003AD00E0032604FB036C00AD0078
:10D7400055026A006D03AD00AD005D08AD006A00D2
:10D75000A9F13003002214F8019B02EB820203EBD3
:10D760004202A9F13003092BF5D909928EE72378FB
:10D770008AE723784AF0200A86E7082200212CA8AD
:10D78000FDF77EFD01231C4459E7A71B054611D078
:10D79000319A329B01323B44072AC8E90067329331
:10D7A000319216DC08F10808089B3B440893002DD1
:10D7B0007FF460AF329B002B41F06D830A9B9B8905
:10D7C00003F04003002B41F0A68708985DB0BDE848
:10D7D000F08F0A9930AA584601F0D2FF0028EDD107
:10D7E0000DF1CC08E0E700BF0000000000000000E1
:10D7F00080060020B9F1000FDCD00023CDE90F3303
:10D8000001228DF80C918DF88F300B930C920793B9
:10D81000149343AE0692329D1AF08403AE4600F094
:10D82000E7809DF88F201AB331980027013001223C
:10D830000135C8F8042007280DF18F02CDE9310524
:10D84000C8F8002000F3528408F1080887B1319825
:10D85000013024AA0235C8F8002007284FF0020240
:10D86000CDE93105C8F8042000F3318408F1080837
:10D87000802B00F04C83079B0C9A9F1A002F00F31B
:10D88000C8801AF4807F40F001810C9BC8F80430F6
:10D890001D44319BC8F800600133072B329531934A
:10D8A00000F3BE8308F108081AF0040F05D0099BA5
:10D8B000069A9E1A002E00F32884DDE908320699A4
:10D8C0008A42ACBF9B185B180893002D40F0608320
:10D8D000002331930B9B1BB10B99584604F054FA6B
:10D8E0000DF1CC082646A9E60E9B073323F007036B
:10D8F000B3EC027B8DED127B0E93139B8DED1E7AA4
:10D9000023F000431F93DDE91E01B24B4FF0FF32BD
:10D9100003F0E0FF002840F05F86DDE91E01AD4B1B
:10D920004FF0FF3203F0B8FF0546002840F0548660
:10D93000DDE91201002200232AF0800A03F0A2FF91
:10D94000002841F09E819DF88F30B9F1470FCCBF80
:10D95000A14EA24E002B41F039860322CDE90F33B0
:10D960000B930C9207931493069254E71AF0200F2E
:10D9700040F0F5850E9A1AF0100F52F8045B41F052
:10D98000ED861AF0400F0E9201F0228145F3C03768
:10D990003B462DB226E2B9F1430F03D01AF0100F27
:10D9A00000F0E586082200212EA8FDF769FC0E9AFA
:10D9B00043AE12682EAB31465846FFF7D9FD0C90A6
:10D9C000013001F0A3860C9B23EAE37306930E9BC0
:10D9D000329D04330E930023CDE90F338DF88F3041
:10D9E0000B93079314931AF08403AE467FF419AF98
:10D9F000099A0698171A002F00F35B849DF88F2070
:10DA0000002A7FF411AF079B0C9A9F1A002F7FF713
:10DA100038AF734B319A1593102F25DD294610230B
:10DA200025460A9C04E0103F102F08F1080819DD74
:10DA300001326B481031072AC8E90003CDE93121D2
:10DA4000F1DD30AA2146584601F09AFE002840F048
:10DA5000A782103F102FDDE931210DF1CC084FF0E6
:10DA60001003E5DC2C460D460132159BC8F800304A
:10DA70003D44072ACDE93125C8F8047000F3A68497
:10DA80001AF4807F08F108083FF4FFAEB9F1650F82
:10DA900040F3D182DDE912010022002303F0E8FE09
:10DAA000002800F08583319B4E4AC8F800200133DE
:10DAB00001350122072B32953193C8F8042000F379
:10DAC000D38708F10808259B119A934280F2288594
:10DAD000169B179A1D44C8E90023319B32950133E8
:10DAE000072B319300F34D8608F10808119B5E1E49
:10DAF000002E7FF7D9AE102E319B41F39B8538491C
:10DB0000DDF8289015912A4610270D4605E008F10A
:10DB10000808103E102E40F3DC8701331032072B2B
:10DB2000C8E90057CDE93132F1DD30AA49465846FF
:10DB300001F026FE002840F03382DDE931320DF19C
:10DB4000CC08E6E70E9F57F8046B00238DF88F3062
:10DB5000002E00F03286B9F1530F00F092871AF0D0
:10DB600010030F9340F08D87079B002BC1F2A0811B
:10DB70001A460F993046FDF783FE9DF88F300B90C3
:10DB8000002801F015850B9A921B0C9222EAE27292
:10DB900006920BB1013206920F9B0E9707931493D6
:10DBA00010930B934FF0730935E60E9B53F8042B3B
:10DBB0000992002A80F2BA84099A0E93524209927D
:10DBC00023784AF0040A5FE52B238DF88F30237801
:10DBD0005AE500BFFFFFEF7F904B01088C4B010817
:10DBE000504E0108CC4B010823784AF0800A4BE5DF
:10DBF000214611F8019BB9F12A0F01F07385A9F1B3
:10DC00003003092B98BF002201F2A78311F8019B72
:10DC100002EB820203EB4202A9F13003092BF5D992
:10DC200042EAE27307930C4630E55846FDF700FCE4
:10DC3000436819931846FDF723FF1B900546584685
:10DC4000FDF7F6FB826823781A92002D3FF41CAD95
:10DC5000002A3FF419AD1278002A3FF415AD4AF4BA
:10DC6000806A11E523784AF0010A0DE59DF88F20BE
:10DC70002378002A7FF408AD20228DF88F2003E559
:10DC80001AF0200F4AF0100000F061840E9B073359
:10DC900023F007031A46596852F8083B0E920022F7
:10DCA0008DF88F20079A002A18DB53EA010220F42E
:10DCB000906A15D1079A9AB910F001031A46069393
:10DCC00000F0C38630238DF86F31079B0C92CDE9AD
:10DCD0000F3314930B930DF26F169CE520F4806ABA
:10DCE0005CAE03F00702DB0843EA4173C908303237
:10DCF00053EA0105304606F8012DF2D11AF0010F62
:10DD000000F04082302A00F03D823023079906F867
:10DD1000013C02385CAB1B1A99424FF00002B8BFBD
:10DD20001946CDE90F220B920C93064606911492E8
:10DD300071E51AF0200F4AF0100120D10E9B1A1D38
:10DD40000E9B07981B680027B8428DF88F701D4600
:10DD500058DB21F0800A002B40F0FB850E92002852
:10DD600040F03884CDE90F000C90149006900B9091
:10DD70005CAE50E51AF0200F00F00E8451460E9B69
:10DD8000073323F0070200238DF88F30079B576875
:10DD900052F8085B0E92002B35DB55EA070321F0A1
:10DDA000800A31D1079B002B40F01484CDE90F335A
:10DDB0000C93149306930B935CAE2CE523784AF0F6
:10DDC000080A61E41AF0200F4AF0100300F0B6834D
:10DDD0000E9A073222F007029A46536852F8085BFF
:10DDE0000E921F46002BC0F2FE82079A002A0BDB20
:10DDF00055EA07032AF0800A06D1002A00F0CC87F2
:10DE0000302507E00E928A460A2D77F1000380F054
:10DE1000FB823035079A9DF88F308DF86F51012ABB
:10DE2000B8BF0122069201220C920DF26F16002B50
:10DE300001F05284069B013306930023CDE90F3392
:10DE40000B931493E7E42378682B03BF63784AF4B9
:10DE5000007A01344AF0400A16E40E9A1AF0200FB4
:10DE600002F1040300F08483126808991160C91755
:10DE700051600E932646FFF7E1BB23786C2B03BF5E
:10DE800063784AF0200A01344AF0100AFFF7FCBB1D
:10DE90000E9A079E52F8040B002147F630038E427B
:10DEA000ADF890308DF88F100346C0F255842AF0FB
:10DEB000800545F0020A002840F05084002E00F052
:10DEC00072870E9230230122069614908DF86F31DE
:10DED0000DF26F164FF0780984460C920F900B905C
:10DEE000109000F01FBC1AF0200F40F052830E9AE1
:10DEF0001AF0100F52F8043B41F02D841AF0400F35
:10DF000000F070869BB20E9250460021C7E6099B36
:10DF1000069A9F1A002F7FF7AEACA24B319A159349
:10DF2000102F26DD41462846B0460A9D264610237E
:10DF30009C4C04E0103F102F01F1080115DD013267
:10DF40001030072AC1E90043CDE93120F2DD30AAC3
:10DF50002946584601F014FC10BB103F102FDDE994
:10DF6000312033A94FF01003E9DC3446054646461C
:10DF700088460132159BC8F800303D44072ACDE998
:10DF80003125C8F8047000F3B38508F1080872E47D
:10DF90000A9930AA584601F0F3FB00283FF498ACE8
:10DFA0000B9B002B3FF40AAC0B99584603F0ECFE98
:10DFB0000A9B9B8903F0400304E4319B7A4AC8F82A
:10DFC0000020013301350122072B32953193C8F827
:10DFD000042000F3C48608F10808002940F0C38536
:10DFE000119A0AF0010313433FF45EAC169B179994
:10DFF0005A19C8E90013319B32920133072B319330
:10E0000000F3758708F108081199C8F8006001331A
:10E010008D18072BCDE93135C8F804107FF742ACD5
:10E020000A9930AA584601F0ABFB0028B8D1329DBE
:10E030000DF1CC0838E4119B319F012B05F101054E
:10E0400007F1010708F1080940F379810123072F3F
:10E05000CDE93175C8F80060C8F8043000F3468295
:10E06000169B179A01371D44072FC9E90023CDE9F4
:10E07000317500F3488209F10809119BDDE91201AD
:10E0800003F1FF380022002303F0F2FB002840F0E8
:10E090007181013701364544072FCDE93175C9F843
:10E0A0000060C9F8048000F3588109F10809189B41
:10E0B000C9F8043001371D44072F28ABCDE931756D
:10E0C000C9F80030ACDC09F10808FFF7EDBB0A998C
:10E0D000159330AA584601F053FB00287FF460AF37
:10E0E000329D159B0DF1CC08FFF7C2BB0A99159321
:10E0F00030AA584601F044FB00287FF451AF329D0E
:10E10000159B0DF1CC08FFF7A1BB284A319B159256
:10E11000102E22DDA246DDF828901027144604E0D8
:10E12000103E102E08F1080816DD01331035072BBC
:10E13000C8E90047CDE93135F2DD30AA49465846F5
:10E1400001F01EFB00287FF42BAF103E102EDDE9FE
:10E1500031350DF1CC08E8DC54460133159A3544CD
:10E16000072BC8E90026CDE931357FF7A6AB0A9920
:10E1700030AA584601F004FB00287FF411AF329D0D
:10E18000FFF79BBB07995CAA921B91424FF00003DB
:10E19000B8BF1146CDE90F330B930C92069114933F
:10E1A000FFF739BB504E0108CC4B0108604E010807
:10E1B000259981427FF701AF0F9B119A9342A8BF27
:10E1C0001346002B99460BDD1D44C8E90063319BC3
:10E1D00032950133072B319301F30C8008F10808C5
:10E1E0000F9FB9F1000FA8BFA7EB0907002F00F39D
:10E1F000F4820F9B1AF4806F334440F01583259A04
:10E2000011998A4203DB1AF0010F00F0D9851699A3
:10E2100017980D44C8E90001319932950131072959
:10E22000319101F3208008F1080811997718FF1A3D
:10E230008E1AB742A8BF3746002F0DDDC8F8003050
:10E24000319BC8F8047001333D44072B329531935C
:10E2500001F3908008F10808002FA8BFF61B002EDC
:10E260007FF722AB102E319B41F3E481BD49DDF8ED
:10E27000289015912A4610270D4605E008F1080858
:10E28000103E102E40F3258401331032072BC8E9CD
:10E290000057CDE93132F1DD30AA4946584601F048
:10E2A0006FFA00287FF47CAEDDE931320DF1CC0845
:10E2B000E6E7319AAC481590102F714626DD209480
:10E2C0004046A94C2193B04610250A9E04E0103F19
:10E2D000102F00F1080015DD01321031072AC0E9C6
:10E2E0000045CDE93121F2DD30AA3146584601F032
:10E2F00047FA00287FF454AE103F102FDDE931219A
:10E3000033A8E9DCDDE92043464680461598C8F885
:10E310000000501C7D180728CDE93105C8F80470AD
:10E3200000F37C839DF88F2008F10808002A40F054
:10E330000181002B3FF49FAA1346FFF789BA1AF018
:10E34000010F7FF483AE0123072FCDE93175C8F8A3
:10E350000060C8F804307FF7AAAE0A9930AA584680
:10E3600001F00EFA00287FF41BAEDDE931750DF1E6
:10E37000CC099CE6119B012B7FF799AE112B794BB1
:10E38000159340F3D78307942A460A9C10261D460E
:10E3900007E009F10809A8F11008B8F1100F40F3DF
:10E3A000C78301371032072FC9E90056CDE9317212
:10E3B000EFDD30AA2146584601F0E2F900287FF44B
:10E3C000EFADDDE931720DF1CC09E4E70A9930AA2D
:10E3D000584601F0D5F900287FF4E2AD329D0DF1E9
:10E3E000CC08FFF74EBA2D238DF88F30079B6D4276
:10E3F00067EB4707002BFFF607AD0A2D77F1000307
:10E400002AF0800AFFF405ADCDE90B890694DDF80A
:10E4100068905CA94FF0000E0AF4806425E0EB19C7
:10E42000524843F10003A0FB032020F0030202EB5B
:10E4300090029B1AEB1A4D484FF0CC32A846BC46CE
:10E4400002FB03F267F1000700FB0722A3FB005366
:10E45000B8F10A0F13444FEA55057CF1000C314620
:10E4600045EAC3754FEA53072CD3404EEB1943F1ED
:10E470000003A6FB032020F0030202EB90029B1A8C
:10E48000EB1AA3FB063267F1000006FB00225B08D3
:10E4900043EAC27303EB8303A5EB430330330EF16E
:10E4A000010E01F8013C4E1E002CB8D099F8003046
:10E4B0007345B4D1BEF1FF0FB1D00A2D77F100033F
:10E4C00080F09A830799069CCDF868905CAB9A1B04
:10E4D0009142B8BF1146DDF83090DDF82C809DF8F0
:10E4E0008F30CDF844E00C920691A0E40A9930AA4E
:10E4F000584601F045F900287FF452ADDDE9317549
:10E500000DF1CC09ACE50A9930AA584601F038F96A
:10E5100000287FF445ADDDE931750DF1CC09ACE59E
:10E520001AF0010F3FF4C0A9FFF7D2BA0E93237877
:10E53000FFF7AAB81F460023FFF778B90E9A0432F6
:10E540000E990E920D68EF179A463B464AE40E9BD1
:10E550001A1D0E9B0E921B680021FFF7A0BB5346AD
:10E5600036E400BF504E0108604E0108CDCCCCCC43
:10E570001AF0100F40F0D6821AF0400F40F07C8461
:10E580001AF4007F00F0CE820E9A0899126811707A
:10E590006FE45046FFF77ABB0E9A1AF0100052F85B
:10E5A000043B41F0D5801AF0400100F0C7818DF89E
:10E5B0008F009BB207990027B9421D46C0F2C9815E
:10E5C0002AF0800A002B40F0C481079B0E92002B9A
:10E5D0003FF4ECAB00251CE4DDE9120102460B46DA
:10E5E00003F078F90546002840F07B87B9F1610F08
:10E5F00000F01985B9F1410F00F08586079B0133C2
:10E6000000F083844AF48073B9F1670F0693139B7B
:10E6100000F01187B9F1470F00F00D870B90DDE98D
:10E620001212002AC0F2FF869DED127B8DED1C7B3D
:10E6300000231593A9F14103252B00F2CD83DFE8D8
:10E6400013F0BC06CB03CB03CB036C04D604CB0383
:10E65000CB03CB03CB03CB03CB03CB03CB03CB034A
:10E66000CB03CB03CB03CB03CB03CB03CB03CB033A
:10E67000CB03CB03CB03CB03CB03CB03CB03CB032A
:10E68000CB03BC06CB03CB03CB036C04D604B24D47
:10E690001AF0200F00F068810E9B073323F0070368
:10E6A0001A46596852F8083B0E921AF0010040F0E1
:10E6B0006881079A8DF88F00002AC0F28A8153EA98
:10E6C00001022AF4906A00F0938103F00F02AA5C21
:10E6D0008DF86F211B0943EA01730A0953EA1111EE
:10E6E0000DF26F160BD003F00F011B09695C06F8E1
:10E6F000011D43EA0273120953EA0201F3D1079A9A
:10E700005CAB4FF0000C9B1B9A42CDE90FCCB8BF1D
:10E710001A460C930692CDF82CC0CDF850C00028B4
:10E720003FF479A8069BDDE93105023306931AF020
:10E730008403AE46024604D1099F06997F1A002F32
:10E7400006DCBCF1000F3FF483A80227FFF76EB888
:10E750000223AFE5814D9BE74AF0020A0E927F4DFE
:10E7600003F00F020220AA5C4FF07809B0E70E9B7D
:10E770001B688DF80C31012306930C9343AEFFF711
:10E7800026B90A9930AA584600F0FAFF00287FF40B
:10E7900007AC329D0DF1CC08FFF7A8B940215846CF
:10E7A00003F0EEFA0A9B18601861002800F0BD879C
:10E7B0000A9A40235361FEF72BBF079B0E97062B47
:10E7C00028BF0623CDE90B63069333460796CDE9B0
:10E7D0000F33634E1493FFF71EB8102F319B40F395
:10E7E0006C876048159042462946A0464FF01009B4
:10E7F0000A9C054604E00832103F102F40F39C822B
:10E8000001331031072BC2E90059CDE93131F2DD76
:10E8100030AA2146584600F0B3FF00287FF4C0AB71
:10E82000DDE9313133AAE7E7119ADDF85090CDF8F0
:10E8300054A01F46109BDDF868A00F94B218002B5F
:10E840000792294642461B9DDDF82880149631DD4B
:10E85000B9F1000F40F3028109F1FF393198199B9A
:10E86000013029440728C2E900353291319000F384
:10E870009C800832079B9AF80000DE1B8642A8BFE6
:10E880000646002E0CDD3198013031440728C2E9DC
:10E8900000763291319000F338819AF80000083206
:10E8A000002EACBF841B0446002C15DC0744109BD3
:10E8B000002BCDDCB9F1000FCEDC149ECDF868A0A2
:10E8C0009046119A0F9CDDF854A0B21897423B462F
:10E8D0000D4628BF134692E4102C3198214B1FDDC2
:10E8E00010260C9304E0103C102C02F1080216DDF7
:10E8F00001301C4B10310728C2E90036CDE9310147
:10E90000F1DD30AA4146584600F03AFF00287FF476
:10E9100047AB103C102CDDE9310133AAE8DC0C9B3D
:10E920001360013021440728CDE93101546000F320
:10E930006C839AF8000008320744B8E71AF40077AD
:10E9400040F0A08207998DF88F7000291D46BFF610
:10E9500037AE0E92FFF758BAB04B01089C4B010836
:10E96000C44B0108504E01080E9A1AF0100F52F8CD
:10E97000043B0E9228D11AF0400F21D09BB2002107
:10E9800093E653EA01022AD030228DF8902000222B
:10E990008DF88F20079A8DF89190002A16DB2AF4C3
:10E9A000906242F0020A02208FE630AA41465846A1
:10E9B00000F0E6FE00287FF4F3AA329933AA59E763
:10E9C0001AF4007F40F04F8200216EE64AF0020AFE
:10E9D000022003F00F022AF4806AAA5C78E6079B03
:10E9E000002083428DF88F00C0F25E812AF4906A85
:10E9F000079A002A00F0AB80012A2B788DF86F313E
:10EA0000B8BF0122002306920122CDE90F330B93F8
:10EA10000C9214930DF26F16FEF7FDBE0A99159332
:10EA200030AA584600F0ACFE00287FF4B9AA9DF841
:10EA30008F20329D159B002A00F08C801F460DF11F
:10EA4000CC0803463198FEF7F1BE079B0C93CDE945
:10EA50000F3314930B935CAEFEF7DDBE109B013BAE
:10EA60000AF1FF3A1093F9E60A9930AA584600F0E5
:10EA700087FE00287FF494AA329D0DF1CC08FFF7A1
:10EA800022B8082200212EA82796FCF7F9FB079B45
:10EA9000002BC0F21181002506940B972C461F46CF
:10EAA0000EE043A95846FEF763FD411C204400F0E8
:10EAB000F584B84209DC05F1040500F08D850446B3
:10EAC000279A52592EAB002AEBD10C940B9F069C2F
:10EAD000FFE015460133159AC8F800203544072B8E
:10EAE000C8F80460CDE931357EF7DCAEFFF798BA9F
:10EAF0000A9930AA584600F043FE00287FF450AA35
:10EB0000329D0DF1CC08FEF7B6BE30AA41465846FC
:10EB100000F036FE00287FF443AA9AF800003299EC
:10EB200033AABDE60E9A089912681160FFF7A1B9E1
:10EB3000079C15460137159BC9F800304544072F3F
:10EB4000CDE93175C9F804807FF7AFAA05E4079BCA
:10EB5000FFF72CB9002B00F03B81319813460DF1E3
:10EB6000CC08FEF775BE169B17985A19C8E9000322
:10EB7000319B32920133072B319300F3B88108F1B6
:10EB800008080029BFF640AA4F421031B749159135
:10EB900080F22F841025894605E008F10808103F0F
:10EBA000102F40F3268401331032072BC8E900955B
:10EBB000CDE93132F1DD0A9930AA584600F0E0FD86
:10EBC00000287FF4EDA9DDE931320DF1CC08E6E74C
:10EBD0001AF4007F16BF45F3C017EF176DB23B461E
:10EBE000FFF700B91AF4007100F05181DBB20E9208
:10EBF00050460021FFF753B81B9A1999B61A3046B0
:10EC0000FCF7BEFB99F801300BB109F10109984AF4
:10EC1000EB1943F10003A2FB030C2CF0030000EB03
:10EC20009C001B1AEB1A4FF0CC3167F1000703FB75
:10EC300001F102FB0711A3FB023001445B0843EA28
:10EC4000C1754F08EB1943F10003A2FB031020F03C
:10EC5000030101EB90015B1AEB1AA3FB023167F190
:10EC600000005B0802FB001243EAC27303EB83035C
:10EC7000A5EB4303303306F8013C4FF0010E013E93
:10EC800014E42D23B9F1470F8DF88F300B950795BC
:10EC900000F30C81774E149503220423CDE90F5520
:10ECA0000C920693FEF7B7BD2B788DF86F312AF4DE
:10ECB000806A0DF26F1622E52EAB0093002327AA7F
:10ECC00019465846FEF77CFC0C90013000F0E683B4
:10ECD00027960C9B002B50D0632B40F3F780591CD8
:10ECE000584603F04DF80646002800F027850B90A3
:10ECF000082200212EA8FCF7C3FA0C9D2EAB00932E
:10ED000027AA2B4631465846FEF75AFC854240F06A
:10ED100010850C9A0023B35422EAE27206929DF801
:10ED20008F20079312B1069A01320692CDE90F3374
:10ED30000E971493FEF76FBD44460D46904601337F
:10ED4000159AC8F800203D44072BCDE93135C8F8A5
:10ED5000047000F3BF8008F10808FFF74ABA0A9967
:10ED600030AA584600F00CFD00287FF419A9259917
:10ED7000329D0DF1CC08FFF730B99DF88F300E971A
:10ED8000003B18BF012306930C9B0793CDE90F337B
:10ED900014930B93FEF73FBD9DF88F3006920C92B3
:10EDA0005CAEFFF744B8079B0E92CDE90F33149386
:10EDB0000C9306935CAE4FF078099C460B93B1E43C
:10EDC0007718FF1A8E1AB742A8BF3746FFF744BA22
:10EDD0000DF1CC08FEF74FBD079B01932EAB0493BA
:10EDE00027AB039325AB0293022300935846DDE93A
:10EDF0001C23FCF779FF06461AF0010F40F07F82D2
:10EE00002E9B9A1B259B1192D81C0F93C0F23B821C
:10EE100007999942C0F208829A4200F3BB820F9B85
:10EE20000C931AF4806F03D00F9B002B00F38E839A
:10EE30000C9BDDF818A023EAE37306934FF06709F3
:10EE4000002314931093159B0AF00200002B00F08E
:10EE5000D2804FF02D0C8DF88FC0069B01330693A6
:10EE6000002307935BE4DBB200211EE4504E01084F
:10EE7000CDCCCCCC8C4B01080E9A0899126811802D
:10EE8000FEF7F7BF8DF88F10DBB2FFF793BB0E9242
:10EE90005046FEF704BF0A9C30AA2146584600F0AF
:10EEA0006FFCA38903F04003FEF78CBC7A4EF2E6B8
:10EEB0003046FCF7E5FD9DF88F300C9020EAE072BB
:10EEC0000692002B3EF468AEFEF764BE00230B935F
:10EED00043AE0DE70A9930AA584600F051FC0028CD
:10EEE0007FF45EA8329D0DF1CC08FFF782B90A9934
:10EEF00030AA584600F044FC00287FF451A8DDE910
:10EF0000313225990DF1CC083BE6062307934AF4EC
:10EF100080730B900693FFF782BB079B013311931D
:10EF2000022300932EAB049327AB119D039325ABD3
:10EF3000019502935846DDE91C23FCF7D5FE29F024
:10EF40002007462F0646054400F02181DDE91C011B
:10EF50000022002302F08CFC002840F045832E9B09
:10EF60009D4288BF452740F23D8330215A1C2E9296
:10EF700019702E9BAB42F9D39B1B1193472F259BF6
:10EF80000F9300F04A81462F00F019810F9B8DF8F6
:10EF9000A090013B002B2593C0F27C812B22092BF2
:10EFA0008DF8A12000F37F8130228DF8A2200DF191
:10EFB000A302303302F8013B28ABD31A1893119BFC
:10EFC000189A012B1A440C9240F363820C9B169AF8
:10EFD00013440C930C9A2AF4806343F4807A22EA57
:10EFE000E2720023CDE90F33149306922BE7079BBF
:10EFF0001193032395E79DF88FC0BCF1000F7FF4B8
:10F000002CAF159B0793FFF78ABB30AA41465846A1
:10F0100000F0B6FB00287EF4C3AF9AF800003299E6
:10F0200033AA074443E447F63003ADF89030079B1A
:10F03000632B4AF0020A00F31D82DDE91212002A56
:10F04000C0F2B38125AADDE91201FCF785FD00229B
:10F050004FF07F5302F0A4F902460B46CDE90C2392
:10F060000022002302F004FC002800F0C0820123EB
:10F070001595259343AE0B95084B0693CDE90F48A4
:10F08000CDF84490DDE90C45DDF81890079FCDF8E8
:10F0900050A018960CE000BF904B01089C4B010853
:10F0A0000022002302F0E4FB002840F0378257469C
:10F0B000AC4B00222046294602F072F90D46044668
:10F0C00002F01EFC804602F001F902460B46204683
:10F0D000294601F0ADFF19F808303246044606F81B
:10F0E000013B0D4607F1FF3A002FD9D107929E4B05
:10F0F000DDF84490DDF850A00022CDE90C454746EC
:10F1000035460F9C189EDDF8408002F0D9FB40B9CF
:10F11000DDE90C01944B002202F0AAFBE0B1FF07ED
:10F120001AD5079B2E93069B15F8012CD97B91428B
:10F130002B4609D1302003F8010C2E9B5A1E2E922B
:10F1400013F8012C8A42F6D0392A0BBF069A0132F5
:10F15000927AD2B203F8012C259AAB1B1193B9F124
:10F16000610F02F1FF33259300F05D8250214FF0D3
:10F170004109002B8DF8A010C0F24C822B22092BE4
:10F180008DF8A12000F38F800DF1A20211E73378F2
:10F19000302B00F08D81259B1D44DDE91C010022F0
:10F1A000002302F065FB002831D12E9BAB42FFF417
:10F1B000DCAE9B1B1193472F259B0F932DD00F99EE
:10F1C000079A0AF00103002943EA020340F354823C
:10F1D000002B40F0E5810F9B0C934FF066091AF469
:10F1E000806F40F0B5810C9BDDF818A023EAE37333
:10F1F000069325E60A9930AA584600F0C1FA00287D
:10F200007EF4CEAE329D0DF1CC08FEF7E9BF259B12
:10F210000F93AB1B472F1193D1D10F9B033332DBDD
:10F22000079B0F9A934210DA0F9B013BA9F1020949
:10F23000002B8DF8A0902593BFF6B0AE0F9B2D222A
:10F24000C3F101038DF8A120AEE6119B0F9A934202
:10F2500000F3A0801AF0010F0F9B00F0D981169ADD
:10F2600013440C93DDE50A99079330AA584600F041
:10F2700087FA00287EF494AE259A329D079B0DF103
:10F28000CC08FEF7D2BF0F9BA9F10209013B8DF814
:10F29000A09025930F9A2D238DF8A130C2F1010380
:10F2A0000832BFF681AE0DF1AF05304F2A46104649
:10F2B000A7FB0312D20802EB8201A3EB410130311C
:10F2C000632B00F8011C134600F1FF32EFDC3033F2
:10F2D00002F8013C831EAB4280F022820DF1A102B4
:10F2E00013F8011B02F8011FAB42F9D103F5B87303
:10F2F0006B44CC3B1B1A28AA9B1A18935FE6079B0A
:10F300004727F51849E745F63003ADF89030079BDD
:10F31000632B4AF0020A00F3AD80DDE9121282424B
:10F3200043DB25AADDE91201FCF716FC00224FF0B1
:10F330007F5302F035F802460B46CDE90C2300223C
:10F34000002302F095FA08B1012325930023084A0F
:10F35000159306920B9343AE90E600230C46079359
:10F36000FEF794B9000030400000E03FCDCCCCCC9B
:10F37000B04B01080A9930AA584600F001FA00285B
:10F380007EF40EAE259E119B329D9E1B0DF1CC0886
:10F39000FEF762BF119B169A9A180F9B0C92002BD6
:10F3A00040F393804FF0670919E702F100431D9382
:10F3B0002D231C910B9543AE159325AADDE91C0165
:10F3C000FCF7CAFB00224FF07F5301F0E9FF024631
:10F3D0000B46CDE90C230022002302F049FA08B1C4
:10F3E00001232593B9F1610F3FF446AEA74B069375
:10F3F00044E601331599C8F800103A44072BCDE9CB
:10F400003132C8F804707EF7FDAD0A9930AA58462B
:10F4100000F0B6F900287EF4C3ADDDE931320DF11C
:10F42000CC08FEF7F1BD02F100431D932D231C9182
:10F430001593FFF7FFB8079A002A00F0DE80002B33
:10F44000C0F25B819DED127B8DED1C7B1595079BBA
:10F4500001932EAB049327AB039325AB02930223B6
:10F4600000935846DDE91C23FCF73EFC00230646CA
:10F470000B93C1E4079B5846591C02F081FC0646D9
:10F48000002800F043814AF480730B900693FFF745
:10F49000C6B81AF0010F3FF49DAD97E50A9B9B8912
:10F4A00000220B9243F040030A9A9381FEF778BD45
:10F4B000DDE91C010022002302F0DAF9002800F047
:10F4C000B480259B0F931D44A3E6C3F101031A44A6
:10F4D00022EAE273DDF818A00C9206934FF0670958
:10F4E000AEE4139B13F000432AF0800A0F9300F060
:10F4F000A5802D238DF88F30B9F1470F4FF0000311
:10F500000B93079340F30F81614E03220C92CDE9D8
:10F510000F33149304230693FEF77DB907975746DC
:10F52000002F3546DDE90F48DDF84490DDF850A0A6
:10F53000189EFFF611AE07992B462944302203F896
:10F54000012B8B42FBD12F447D1C05E64FF0670950
:10F550001A990B78FF2B00F0F78000250F9A2846A8
:10F5600003E001300131FF2B08D0934206DAD21AB2
:10F570004B78002BF5D10B780135F4E7CDE90F205E
:10F580001A911495109A149B1B99DDF818A0134436
:10F590000C9A01FB03230C9323EAE373069352E4D2
:10F5A000169B02EB01094B440C934FF0660916E6DB
:10F5B0000E97002B55D0079B0C935A1C0692079070
:10F5C000149010904FF07309FEF725B90023032221
:10F5D000CDE90B3207939AE7079B069C0B9F0C9390
:10F5E000FFF777BB9B1B1193259B0F93CEE4294B11
:10F5F000159006930B9043AE40E5934261DB9DED81
:10F60000127B079B159301238DED1C7B07931EE74F
:10F610000C9306E42D238DF8A130C2F101030832CA
:10F62000FFF641AEB0E57021A3E5119BC3F10103E4
:10F630002593B1E5184A1592FFF74CBA9DF88F3023
:10F64000B9F1470FCCBF124E144E002B40F0898009
:10F65000032207930C92149310930B930692FEF7D8
:10F66000DAB8079B0C9306930B9B149310930793A4
:10F670004FF07309FEF7CFB8DDF818A083B9012366
:10F6800006934FF066090C93FFF7DABBB04B010805
:10F69000984B01089C4B0108504E0108944B0108FF
:10F6A000169B03F10109079B4B440C9323EAE37378
:10F6B00006934FF06609FFF7C3BB2F4A1592FFF779
:10F6C0003EBBDDE9121202F100431D932D23159379
:10F6D00001231C910793BAE6CDE90F330B931493E2
:10F6E000FEF799B80E9A63780C4652F8041B0E92F6
:10F6F00041EAE1710791FDF7C7BFDDE9121202F19E
:10F7000000431D932D231C911593A0E60A9A93891B
:10F7100043F0400393814FF0FF330893FEF755B851
:10F72000022318934BE4154EEFE60C23CBF8003080
:10F73000F1E70A9B9B8943F04003B5E60A9B0B90D7
:10F740009B8943F04003AFE600231493109319E71D
:10F750005146FEF7F5BA5046FEF7FBBE5346FEF79C
:10F76000EFBE00230793149310930B9303230C9382
:10F7700004230693FEF74FB8504E0108944B01083E
:10F780002DE9F0411546926802B32C680746884679
:10F79000083401E00834C9B16B68581E002B1146CB
:10F7A000686013DD54F8046C002EF3D0334654F82F
:10F7B000082C4146384601F06DFB431C07D0AA686F
:10F7C000921B1146AA6008340029E5D100200023CD
:10F7D000C5E90133BDE8F08110B50B78722B35D047
:10F7E000772B05D0612B2AD016230360002010BD93
:10F7F0004FF4C0644FF0010C08204B7801316BB915
:10F8000016E02B2B20F01C0E2CF0030303D14EF03E
:10F81000100043F0020C11F8013F4BB1622B0BD0EA
:10F82000782BEED111F8013F4CF4006C002BF5D190
:10F8300044EA0C03136010BD4CF4803CEBE74FF43A
:10F8400002744FF0010C4FF48470D6E700244FF09F
:10F85000000C0420D1E700BF00B5024683B010B110
:10F86000436B002B2ED04B6ED80702D48B899B059F
:10F8700020D54B68013B002B4B600CDB0B685A1CFE
:10F880000A601B784A6ED00702D48A89920509D58E
:10F89000184603B000BD10460091FBF7E7F8009949
:10F8A0000346EFE7886D0093FBF776FE009B184652
:10F8B00003B000BD886D01920091FBF76BFEDDE99E
:10F8C0000012D6E7CDE90001FAF7F4FDDDE90021E9
:10F8D000C9E700BFB1F90C20930706D501F1430336
:10F8E0000122C1E904320B60704730B50B46B1F913
:10F8F0000E10002999B0044632DB02AA0093FBF7F0
:10F90000ADFD0028009B29DB4FF480612046009369
:10F91000039D02F035FA009BB3F90C20002839D082
:10F9200005F4704142F0800218601861B1F5005F83
:10F930004FF480609A8158613AD1B3F90E10009368
:10F94000204600F06BF8009BB3F90C2080B322F046
:10F95000030242F001024FF4006117E0B3F90C20FA
:10F96000019312F0800F0CBF4FF4806140212046BC
:10F97000009102F005FA019B0099B3F90C2048B1FF
:10F98000C3E9040142F08002186000210A439A8111
:10F9900019B030BD9105FBD422F0030203F14301FD
:10F9A00042F002020120C3E904109A811960EFE7D6
:10F9B0004FF40061EAE700BF30B50C46B1F90E1014
:10F9C000002999B0154616DB02AA0193FBF746FD04
:10F9D0000028019B0FDB039A02F47042A2F500524B
:10F9E000B2FA82F24FF4806152094FF400601A605B
:10F9F000296019B030BDA28912F0800206D0002221
:10FA0000402110461A60296019B030BD4FF4806162
:10FA100010461A60296019B030BD00BF38B5074CD8
:10FA20000023054608462360F3F705FE431C00D07B
:10FA300038BD2368002BFBD02B6038BD482B00203D
:10FA400000B50B4C2468864685B0E0689C460C46A1
:10FA500052B108490094CDE9011273460649624645
:10FA600000F09EF801F078FA04490A46F2E700BF78
:10FA7000D4080020F44C0108044D0108004D010891
:10FA80002DE9F04F8BB0DDE91589149F02901C46DB
:10FA9000B8F1000F57D0166801960029C34608BF79
:10FAA0004FF0FF37002588460391924606E0019B00
:10FAB00053F8040B0193002837D06546AF423ED976
:10FAC000002C3CD0DBF800300493DBF804300593C5
:10FAD000019B02981A68D9F8C8615B4606A9B0472D
:10FAE000431C33D000EB050CBC453AD8039B013CCA
:10FAF000002BDCD000280DDD08F1FF32019E06A9A5
:10FB000000EB020E11F8013B02F8013F7245F9D1FA
:10FB100001968044019BDAF8002053F8040B01930E
:10FB20000432CAF800200028C7D10399D84609B189
:10FB3000CAF800000022C8F800200CF1FF35284662
:10FB40000BB0BDE8F08F00F58678A4E7029B054670
:10FB50008A21002228461960CBF800200BB0BDE8AE
:10FB6000F08FD846DDF810A0DDF814B02846C8E9BB
:10FB700000AB0BB0BDE8F08F00B585B0DFF81CC05E
:10FB8000069800900798019003480068CDF808C0D7
:10FB9000FFF776FF05B000BDD408002080060020E6
:10FBA0000EB400B582B003ABDFF81CC053F8042BD1
:10FBB00001930146DCF8000000F008F802B05DF89F
:10FBC00004EB03B0704700BFD40800202DE9F04FCC
:10FBD000C5B00DF1500A8346049116460021082253
:10FBE00050461C460B93FBF74BFBBBF1000F04D0B8
:10FBF000DBF83430002B00F04987049B5A6EB3F9D0
:10FC00000C30D00740F14181990400F1A985049995
:10FC100043F4005322F400528B814A66930401F1AD
:10FC2000AE80049BB3F90C301D0740F1BD80049AEF
:10FC30001269002A00F0B88003F01A020A2A00F0C4
:10FC4000C2800023CDE91933CDE90E331BAADFF8BA
:10FC50006C980D93189217460793B0464546D9F80D
:10FC6000CC41FBF7DFFBCDF800A003462A4612A9E2
:10FC70005846A047002800F0C580C0F2BB80129A09
:10FC8000252A034601D01D44E9E7B5EB08060446E2
:10FC900040F0BC80002319468DF8433008934FF0A4
:10FCA000FF326B78059205F10108039108F1010814
:10FCB0001946A1F120035A2B00F2F280DFE813F07D
:10FCC000E603F000F000DF03F000F000F000BF03F7
:10FCD000F000F00007025302F00012020004F000EE
:10FCE000F1035B005B005B005B005B005B005B00A3
:10FCF0005B005B00F000F000F000F000F000F000AE
:10FD0000F000F000F000D8019F03F000F000F000D8
:10FD1000F000F000F000F000F000F000F000190238
:10FD2000F000F000F000AA01F000FB02F000F0008B
:10FD3000BA05F000F000F000F000F000F000F00074
:10FD4000F000F000F000D8016801F000F000F000D1
:10FD5000950368016D00F0008B03F0007D036A03DA
:10FD600020036D00F000AA016A005902F000F000C3
:10FD7000FB05F0006A00A1F13003002218F8011B16
:10FD800002EB820203EB4202A1F13003092BF5D909
:10FD900008928EE798F8003088E7039B43F0200331
:10FDA000039398F8003081E7049D58462946FAF7F6
:10FDB000CDFF002840F0F687B5F90C3003F01A02A9
:10FDC0000A2A7FF43EAF0499B1F90E20002AFFF60B
:10FDD00038AF4A6ED20702D49F0540F1908704994C
:10FDE00023463246584601F015F80790079845B06B
:10FDF000BDE8F08F082200215046FBF741FA0123AD
:10FE00001D442CE7B5EB0806044610D01A9B33447A
:10FE10001A93199B0133072BC7E90086199310DC4D
:10FE20000837079B33440793002C7FF433AF1A9BAA
:10FE3000002B40F06E87049B0022B3F90C3019921E
:10FE400018E0049918AA5846FAF75AF878B91BAF7F
:10FE5000E7E7049918AA5846FAF752F8002800F084
:10FE60008380099B1BB10999584601F08DFF049BC3
:10FE7000B3F90C30049A526ED0077FD55B0600F1BF
:10FE80006687079845B0BDE8F08F9F0540F1148163
:10FE90009D047FF5BCAE90047FF5C6AE00F071BF47
:10FEA0000029C4D0002301228DF8AC108DF8433016
:10FEB00009930A9205932BAD0692DDE919C0039CC4
:10FEC00014F084060146624626D1089B069C1C1B42
:10FED000002C00F3ED839DF8433003B300260C960D
:10FEE0000132012301317B60072A0DF14303CDE983
:10FEF00019213B6000F3868308370C9B63B1013204
:10FF000011AB02313B60072A4FF00203CDE9192102
:10FF10007B6000F36B830837802E00F0EE82059B38
:10FF20000A981C1A002C00F326830A9B3D600132BC
:10FF30001944072ACDE919217B6000F34C83083767
:10FF4000039B5C0705D5089B069A9C1A002C00F3BE
:10FF50006583DDE9073206988242ACBF9B181B1807
:10FF6000079300297FF475AF00231993099B1BB1F8
:10FF70000999584601F008FF1BAF6FE69A053FF557
:10FF80007DAF049CA06DFBF707FBB4F90C3075E75F
:10FF9000039B980640F13C840B9B073323F0070238
:10FFA000536852F8084B0B921E46002BC0F2388261
:10FFB000059A002A07DB039B23F08003039354EA8E
:10FFC000060300F08C840A2C76F1000380F0F780A1
:10FFD0003034059A9DF843308DF80F41012AB8BF9F
:10FFE00001220692002B00F0AF83069B013300250F
:10FFF00006930123CDE909530DF20F15DDE919210F
:020000040801F1
:10000000039B13F08406084694463FF45EAF00233A
:100010000C9365E70B9E00238DF8433056F8043BA4
:100020000993002B00F05585532900F07284039B3F
:1000300013F0100440F06D84059A002AC0F2138575
:1000400009982146FBF71CFC9DF84330099D0028C8
:1000500000F08B86421B0A9222EAE2720692002B83
:1000600000F00E850132059406920B960994C5E7BF
:10007000432903D0039BDD0640F127840822002199
:1000800016A8FBF7FDF80B9A2BAD126816AB2946A4
:100090005846FDF76DFA0A90013000F04F860A9B32
:1000A00023EAE37306930B9B04330B9300238DF831
:1000B00043300993059300E7049DA86DFBF76AFAA6
:1000C000B5F90C306A6E99043FF5A8AD9FE50B9B1E
:1000D00053F8042B0892002A80F23D83089A0B9370
:1000E00052420892039B43F00403039398F80030B4
:1000F000DCE5039B43F010009B0640F14E830B9B15
:10010000073323F007031A46596852F8083B0B924D
:1001100000228DF84320059A002AC0F2118320F4B2
:100120009062039253EA010200F01E8344AD03F093
:100130000702DB0843EA4173C908303253EA01047D
:10014000284605F8012DF2D1039B13F0010340F07E
:100150009E82059A099344AB5B1B9A42B8BF1A462C
:100160000A930692A9E62B238DF8433098F80030C5
:100170009CE503998E0600F1A48003990B9A11F077
:10018000100052F8043B40F02783039911F040011E
:1001900000F0CA848DF843009BB205990026B14255
:1001A0001C4606DB039921F080010391002B00F02F
:1001B0007B850A2C76F100030B92FFF409AF039BB9
:1001C00009970020CDF830B044A9DDF834B006908E
:1001D00003F48067CDF8288025E00690A319B54880
:1001E00043F10003A0FB032C2CF0030202EB9C0262
:1001F0009B1AE31A4FF0CC32A046B64602FB03F23C
:1002000066F1000600FB0622A3FB0043B8F10A0FCB
:1002100013444FEA54047EF1000E294644EAC374A5
:100220004FEA53062ED3069BA24A01330693A31925
:1002300043F100031046A2FB032525F0030202EB65
:1002400095029B1AE31AA3FB003266F1000500FB3E
:1002500005225B0843EAC27303EB8303A4EB430369
:10026000303301F8013C4D1E002FB7D006989BF8A3
:1002700000308342B1D1FF28AFD00A2C76F10003C1
:1002800080F0AF8405999DF84330CDF834B044AA8E
:10029000521B9142B8BF1146DDE90978DDF830B054
:1002A0000A920691002B00F0EE83069B0133069321
:1002B00000230993A2E6039B43F010019B0640F143
:1002C00089820B9B073323F0070200238DF843300C
:1002D000059B566852F8084B0B92002BC0F2EE8239
:1002E00021F08003039354EA06037FF46CAE059B70
:1002F000002B40F0DE840A930693099344ADDCE5BD
:10030000059C0B990398002247F630039442ADF800
:1003100044308DF8432051F8043BC0F2D28220F0E3
:10032000800040F002000390002B00F0E58303F012
:100330000F0461481B09045D8DF80F410B9100F01B
:100340005685022106910DF20F1503F00F011B09CE
:10035000415C05F8011D43EA0273120953EA0201E8
:10036000F3D144AB5A1B059B0A929342B8BF134684
:10037000069A002A00F03985DDE91921039C023331
:1003800014F0840606930846944600F0E9820023A0
:100390000993B4E5039886063FF5B1AE03990B9A2D
:1003A000CD0652F8043B00F114850398440640F151
:1003B000C8839BB20B920021AAE603990B9A8C0684
:1003C00002F1040340F1F081126807991160C91726
:1003D00051600B9342E498F800306C2B00F08F8250
:1003E000039A42F01002039260E498F80030682B00
:1003F00000F07B82039A42F04002039256E4039A93
:10040000940642F0100300F100820B9A04320B991B
:1004100003930C680B92E6173346002BBFF6C8AD6A
:100420002D238DF84330059B644266EB4606002B76
:10043000FFF6C9AD039B23F080030393C3E5584641
:10044000FAF7F6FF43680F931846FBF719FB0E9077
:1004500004465846FAF7ECFF826898F800300D928F
:10046000002C3FF423AC002A3FF420AC1278002A81
:100470003FF41CAC039A42F48062039216E4039B9F
:1004800043F00103039398F800300FE49DF84320F4
:1004900098F80030002A7FF409AC20228DF8432020
:1004A00004E4039B43F08003039398F80030FFF7C4
:1004B000FDBB00BFCDCCCCCC9C4B010880060020FE
:1004C000404610F8011B2A2900F07784A1F130037F
:1004D000092B98BF002200F2178410F8011B02EBD1
:1004E000820203EB4202A1F13003092BF5D942EA63
:1004F000E27305938046FFF7DCBB089B06981C1A45
:10050000002C7FF70CAD102C40F3268438460C9558
:10051000AE4F049D102604E0103C102C00F10800A2
:1005200015DD01321031072AC0E90076CDE9192125
:10053000F2DD18AA29465846F9F7E2FC00287FF4B4
:1005400090AC103C102CDDE919211BA8E9DC0C9DB6
:100550003B46074601322144072ACDE919213B6079
:100560007C6000F3A482059B0A981C1A002C07F1FA
:1005700008077FF7DAAC102C40F3ED8238461026DE
:10058000924F04E0103C102C00F1080016DD0132FF
:100590008E4B1031072AC0E90036CDE91921F1DD73
:1005A000049918AA5846F9F7ABFC00287FF459AC17
:1005B000103C102CDDE919211BA8E8DC3B4607465E
:1005C00001322144072ACDE919213B607C6000F308
:1005D000AA800837A9E4049918AA5846F9F790FCAC
:1005E00000287FF43EAC1A991BAFA9E4049918AA1D
:1005F0005846F9F785FC00287FF433ACDDE9192172
:100600001BAF89E4049918AA5846F9F779FC002829
:100610007FF427ACDDE919211BAF6EE4102C199B88
:1006200040F381833A46049E694F102504E0103C54
:10063000102C02F1080215DD01331031072BC2E93D
:100640000075CDE91931F2DD18AA31465846F9F79F
:1006500057FC00287FF405AC103C102CDDE9193163
:100660001BAAE9DC3E46174601332144072BC7E9A4
:100670000064CDE919317FF76CAC049918AA58468B
:10068000F9F73EFC00287FF4ECAB1A9961E4302ABC
:1006900000F001823023059A05F8013C023844AB92
:1006A0001B1A9A42B8BF1A460A9306920546EFE013
:1006B00000230C93102C464E624623DD394610234E
:1006C0002F46049D04E0103C102C01F1080117DDB9
:1006D00001321030072AC1E90063CDE91920F2DDAB
:1006E00018AA29465846F9F70BFC00287FF4B9AB45
:1006F000103C102CDDE919201BA94FF01003E7DC9A
:100700003D460F4601322118072ACDE919213E60E6
:100710007C6000F37A819DF843600837002E36D064
:100720000026FFF7DDBB049918AA5846F9F7E8FB45
:1007300000287FF496ABDDE919211BAFFFF7F5BB6D
:1007400020F480620392F1E4099301230A930DF2ED
:100750000F15FFF7B2BB0B9398F80030FFF7A6BA5E
:1007600092047FF561AAF2E2059A002A7FF4DEACDA
:1007700010F00102069200F0428130238DF80F3113
:10078000059B0A9209930DF20F15FFF796BB0C9B80
:10079000002B7FF4B4ABFFF7C2BB0B9B1A1D0B9B66
:1007A0000B921B680021B3E4039AD00600F18C8100
:1007B000039A510600F19582039A920540F18481D3
:1007C0000B9A07991268117003E600BF704E01087A
:1007D000804E01080B9B1A1D0B9B05981B68002679
:1007E000B0428DF843601C4667DB21F08001039125
:1007F000002B7FF4DEAC0B92002840F05A820A9066
:100800000690099044ADFFF758BB0393FFF7C4BBB4
:10081000039B0B9AD90652F8044B3FF5F8AD039BA6
:100820005E0640F1768144F3C0360B9224B2334623
:10083000FFF7BBBBAD48039B9D0640F1B5800B9B0A
:10084000073323F007031A465C6852F8083B0B9203
:10085000039A12F00102069240F08C808DF843203A
:10086000059A002AC0F2B780039A22F4906203929C
:1008700053EA040240F0F380059A002A00F0F68162
:1008800003788DF80F31012306920A930DF20F15AC
:10089000DDE91921039B13F084060846944600F015
:1008A000A1829DF84330002B00F0AB820023099316
:1008B0000C93FFF715BB8E48BDE70B920391FFF732
:1008C00082BB40F00200039031E50B9B1B688DF862
:1008D000AC30012306930A932BADFFF7E4BB002A4B
:1008E00000F0D4813024FFF774BB039B43F4007302
:1008F000039308F1010898F80030FFF7D7B9039B7C
:1009000043F02003039308F1010898F80030FFF743
:10091000CDB9099B13930822002116A8FAF7B0FC61
:10092000059B002BC0F219810024069725461F461F
:100930000EE02BA95846FCF71BFE411C284400F092
:10094000FD81B84209DC04F1040400F00882054688
:10095000139A125916AB002AEBD1069F05950AE1AE
:10096000089C069B0996E41A002C7FF7C8AA02236C
:100970000C939FE653EA04025ED100238DF84330C6
:10098000059B002BC0F22181039B23F4906303930A
:1009900000F0878103788DF80F31069B0A93059B41
:1009A00006930DF20F1573E70B9A52F8043B0B9266
:1009B000039AD40608D4520602D59BB2002447E716
:1009C000039A960500F18181002441E742F002027A
:1009D000039202220692039A22F48062039203F0A9
:1009E0000F02825C8DF80F211B0943EA0473220970
:1009F00053EA14147FF4A7AC0DF20F15B1E4059B74
:100A000044ADCDE90933FFF758BA049918AA5846FE
:100A1000F9F776FA064600287FF423AA9DF84330BA
:100A2000DDE91921002B40F089800C9B1BAF002BC6
:100A30007FF465AAFFF773BA30228DF844200022B4
:100A40008DF84320059A8DF84510002A039ABDDBE6
:100A500022F4906242F0020203920222069203F014
:100A60000F02825CBEE7099D2846FBF709F89DF856
:100A700043300A9020EAE0720692002B7FF4F2AA3B
:100A8000099D05930B960993FFF717BA5846F9F796
:100A900011FDFFF7B2B8059A44AB5B1B9A42B8BF91
:100AA0001A460A93002306920993FFF706BA04999F
:100AB00018AA5846F9F724FA00287FF4D2A9DDE9EC
:100AC00019211BAFFFF72BBA0B9A07991268116017
:100AD0007FE4059B074D0B96062B28BF0623069344
:100AE0000A93099B0593FFF7E8B900BFB04B0108D3
:100AF0009C4B0108C44B01080B91002C00F0DC80DA
:100B0000302301228DF80F310DF20F1523460A9282
:100B100032E4039B0B929D054ABF44F3C016E617CF
:100B200064B23346FFF741BA039810F4007600F040
:100B3000CF808DF84310DBB2FFF72FBB1BAFFFF761
:100B4000CFB9039810F4007100F0BB80DBB20B92B8
:100B50000021FFF7DDBAAC4B32E516AB0093002362
:100B600013AA19465846FCF72BFD0590013000F0FA
:100B7000E580099B1393059B002B7CD0632B00F32E
:100B8000B680002309932BAD0822002116A8FAF79E
:100B900077FB059C16AB009313AA234629465846BB
:100BA000FCF70EFD844240F01681059900236B543A
:100BB00021EAE17206929DF84320002A40F0B580B8
:100BC000CDE90A160592FFF778B903788DF80F3151
:100BD000039B23F480630393069B0A930DF20F1586
:100BE00056E60E9A0F99AD1A2846FAF7C9FB9BF8FC
:100BF00001300BB10BF1010B844AA31943F100033F
:100C0000A2FB030C2CF0030000EB9C001B1AE31A60
:100C10004FF0CC3166F1000603FB01F102FB061137
:100C2000A3FB023001445B0843EAC1744E08A319D8
:100C300043F10003A2FB031020F0030101EB90013C
:100C40005B1AE31AA3FB023166F1000002FB0012FB
:100C50005B0843EAC27303EB8303A4EB4303303323
:100C600005F8013C0120013DFFF701BB059B0A93FC
:100C700044A805460CE69DF84330099D0B96003BC1
:100C800018BF01230693059B0A9301E69DF84330A4
:100C90003BB1059BCDE90933012344AD0693FFF732
:100CA000ADB9059BFFF727BB059B0B92002B3FF4CB
:100CB00022AB0024FFF78CB9059B0A9344ADFFF7E4
:100CC0005BBB03980B92FFF723BADBB20024BFE5AE
:100CD00005998DF8436000291C46BFF663AAFFF70B
:100CE00068BA0B9A079912681180FFF772BB591CFA
:100CF000584601F045F8054600B3099044E7886D71
:100D0000FAF74AFCFFF76BB8002380460593FEF71D
:100D1000D0BF049918AA5846F9F7F2F800283FF412
:100D20008AA8FFF7A4B83A4E9EE4059A0A92069A5A
:100D30000B96013206920593FFF760B90498B0F95B
:100D40000C30426E43F04001D207818109D54FF04B
:100D5000FF330793FFF795B82B4BFFF7FBBB069FBD
:100D600009E79905F3D4FFF70CB99BB1059B0B96E6
:100D70005A1C06920A9305900990FFF73FB9D707CE
:100D8000E5D4049B9B899E05E1D4049B986DFAF7FA
:100D900003FCDCE7059A0993CDE905320B960A922C
:100DA000FFF78BB8049A536ED807D0D4938999056E
:100DB000CDD4906DFAF7F0FBC9E70B9A98F80130A3
:100DC00052F8041B0B9241EAE17180460591FEF74F
:100DD0006DBF0846E3E4049A938943F0400393818E
:100DE000FFF73FB80996FFF770B8069350E5059BEB
:100DF0000122012BB8BF01230DF20F150A92FFF754
:100E0000BBBA0993FFF788B8704E0108CDCCCCCCA3
:100E1000804E0108F0B50D46ADF2744D1646898935
:100E20006A6E1B92EA89ADF8162021F00201EA6988
:100E3000ADF8141009921CA96A6A0291074606913E
:100E40000B924FF48061002218A80193049107913E
:100E50000892FAF79BFB3246019B02A93846FEF73F
:100E6000B5FE061E07DB02A93846F9F75DF9002832
:100E700018BF4FF0FF36BDF814305B0603D5AB89C1
:100E800043F04003AB811898FAF782FB30460DF22D
:100E9000744DF0BD2DE9F0438E681D46AE420B68DF
:100EA00083B00C4690463AD8B1F90CC01CF4906F50
:100EB0000FD13546184641462A46FAF74FF9A3683E
:100EC0009E1B2368A6602B440020236003B0BDE86E
:100ED000F0834A69096902EB42025E1A02EBD272A0
:100EE0006B1C52103344934294BF17461F469342E3
:100EF00088BF1A461CF4806F814612D0114600F05C
:100F00003FFFF0B1324621690190FAF709FDA2894D
:100F1000019B22F4906242F08002A28105E02E46FD
:100F2000C8E700F02FFF034638B123613344BE1BEE
:100F3000A660676123602E46BCE72169484600F041
:100F400023FFA3890C2243F04003C9F800204FF08F
:100F5000FF30A381BAE700BF08B5062000F004F80F
:100F60000120F2F727FA00BF10B5174B1F281C68A5
:100F700082B023D8D4F8F811024671B151F820306C
:100F80005BB1012B06D0B3F1FF3F12D0002441F832
:100F900020409847002002B010BD2046019200F08A
:100FA00029F8019A0146204602B0BDE8104000F041
:100FB0000DB816230120236002B010BD1623236054
:100FC0004FF0FF30E7E700BFD408002038B5084CE9
:100FD0000023054608461146236000F0C9FE431C65
:100FE00000D038BD2368002BFBD02B6038BD00BF7C
:100FF000482B002000F0B4BED0400B00D1409C46EE
:10100000203AD340184352426346934018437047F6
:101010009140030090409C46203A9340194352422D
:101020006346D3401943704781F0004102E000BF9E
:1010300083F0004330B54FEA41044FEA430594EA98
:10104000050F08BF90EA020F1FBF54EA000C55EAD3
:10105000020C7FEA645C7FEA655C00F0E2804FEAA4
:101060005454D4EB5555B8BF6D420CDD2C4480EA86
:10107000020281EA030382EA000083EA010180EAB6
:10108000020281EA0303362D88BF30BD11F0004F04
:101090004FEA01314FF4801C4CEA113102D040423A
:1010A00061EB410113F0004F4FEA03334CEA133375
:1010B00002D0524263EB430394EA050F00F0A7808D
:1010C000A4F10104D5F1200E0DDB02FA0EFC22FA88
:1010D00005F2801841F1000103FA0EF2801843FA7C
:1010E00005F359410EE0A5F120050EF1200E012A6D
:1010F00003FA0EFC28BF4CF0020C43FA05F3C018AB
:1011000051EBE37101F0004507D54FF0000EDCF123
:10111000000C7EEB00006EEB0101B1F5801F1BD3CC
:10112000B1F5001F0CD349085FEA30004FEA3C0CD0
:1011300004F101044FEA445212F5800F80F09A80C6
:10114000BCF1004F08BF5FEA500C50F1000041EBCA
:10115000045141EA050130BD5FEA4C0C404141EBCE
:101160000101013C28BFB1F5801FE9D291F0000FC9
:1011700004BF01460020B1FA81F308BF2033A3F178
:101180000B03B3F120020CDA0C3208DD02F1140C6F
:10119000C2F10C0201FA0CF021FA02F10CE002F1AA
:1011A0001402D8BFC2F1200C01FA02F120FA0CFCA3
:1011B000DCBF41EA0C019040E41AA2BF01EB0451EC
:1011C000294330BD6FEA04041F3C1CDA0C340EDCEA
:1011D00004F11404C4F1200220FA04F001FA02F32D
:1011E00040EA030021FA04F345EA030130BDC4F1EB
:1011F0000C04C4F1200220FA02F001FA04F340EAE0
:101200000300294630BD21FA04F0294630BD94F090
:10121000000F83F4801306BF81F480110134013D77
:101220004EE77FEA645C18BF7FEA655C29D094EAE8
:10123000050F08BF90EA020F05D054EA000C04BF66
:101240001946104630BD91EA030F1EBF0021002051
:1012500030BD5FEA545C05D14000494128BF41F0F0
:10126000004130BD14F580043CBF01F5801130BD54
:1012700001F0004545F0FE4141F470014FF00000DF
:1012800030BD7FEA645C1ABF194610467FEA655C90
:101290001CBF0B46024650EA013406BF52EA033532
:1012A00091EA030F41F4002130BD00BF90F0000F20
:1012B00004BF0021704730B54FF4806404F132045C
:1012C0004FF000054FF0000150E700BF90F0000F15
:1012D00004BF0021704730B54FF4806404F132043C
:1012E00010F0004548BF40424FF000013EE700BF0C
:1012F00042004FEAE2014FEA31014FEA02701FBF9C
:1013000012F07F4393F07F4F81F06051704732F0CD
:101310007F4208BF704793F07F4F04BF41F4002124
:10132000704730B54FF4607401F0004521F0004182
:101330001CE700BF50EA010208BF704730B54FF00C
:1013400000050AE050EA010208BF704730B511F00D
:10135000004502D5404261EB41014FF4806404F145
:1013600032045FEA915C3FF4D8AE4FF003025FEACB
:10137000DC0C18BF03325FEADC0C18BF033202EB4F
:10138000DC02C2F1200300FA03FC20FA02F001FAA9
:1013900003FE40EA0E0021FA02F11444BDE600BF4C
:1013A00070B54FF0FF0C4CF4E06C1CEA11541DBFFB
:1013B0001CEA135594EA0C0F95EA0C0F00F0DEF8C6
:1013C0002C4481EA030621EA4C5123EA4C5350EAAB
:1013D000013518BF52EA033541F4801143F48013FC
:1013E00038D0A0FB02CE4FF00005E1FB02E506F08D
:1013F0000042E0FB03E54FF00006E1FB03569CF0E2
:10140000000F18BF4EF0010EA4F1FF04B6F5007FE7
:1014100064F5407404D25FEA4E0E6D4146EB060659
:1014200042EAC62141EA55514FEAC52040EA5E50E2
:101430004FEACE2EB4F1FD0C88BFBCF5E06F1ED88C
:10144000BEF1004F08BF5FEA500E50F1000041EBC3
:10145000045170BD06F0004646EA010140EA020070
:1014600081EA0301B4EB5C04C2BFD4EB0C0541EA92
:10147000045170BD41F480114FF0000E013C00F3A7
:10148000AB8014F1360FDEBF002001F0004170BDCB
:10149000C4F10004203C35DA0C341BDC04F11404E4
:1014A000C4F1200500FA05F320FA04F001FA05F270
:1014B00040EA020001F0004221F0004110EBD3703D
:1014C00021FA04F642EB06015EEA430E08BF20EA69
:1014D000D37070BDC4F10C04C4F1200500FA04F30C
:1014E00020FA05F001FA04F240EA020001F000419E
:1014F00010EBD37041F100015EEA430E08BF20EA11
:10150000D37070BDC4F1200500FA05F24EEA020E58
:1015100020FA04F301FA05F243EA020321FA04F087
:1015200001F0004121FA04F220EA020000EBD3703E
:101530005EEA430E08BF20EAD37070BD94F0000F3E
:101540000FD101F00046400041EB010111F4801F72
:1015500008BF013CF7D041EA060195F0000F18BF23
:10156000704703F00046520043EB030313F4801F5F
:1015700008BF013DF7D043EA0603704794EA0C0F19
:101580000CEA135518BF95EA0C0F0CD050EA41062F
:1015900018BF52EA4306D1D181EA030101F00041AC
:1015A0004FF0000070BD50EA410606BF10461946D4
:1015B00052EA430619D094EA0C0F02D150EA0136E0
:1015C00013D195EA0C0F05D152EA03361CBF104621
:1015D00019460AD181EA030101F0004141F0FE41C0
:1015E00041F470014FF0000070BD41F0FE4141F444
:1015F000780170BD70B54FF0FF0C4CF4E06C1CEA44
:1016000011541DBF1CEA135594EA0C0F95EA0C0FF8
:1016100000F0A7F8A4EB050481EA030E52EA0335B3
:101620004FEA013100F088804FEA03334FF08055D4
:1016300045EA131343EA12634FEA022245EA111501
:1016400045EA10654FEA00260EF000419D4208BFB2
:10165000964244F1FD0404F5407402D25B084FEA5F
:101660003202B61A65EB03055B084FEA32024FF40B
:1016700080104FF4002CB6EB020E75EB030E22BF68
:10168000B61A754640EA0C005B084FEA3202B6EB28
:10169000020E75EB030E22BFB61A754640EA5C00D7
:1016A0005B084FEA3202B6EB020E75EB030E22BF67
:1016B000B61A754640EA9C005B084FEA3202B6EB68
:1016C000020E75EB030E22BFB61A754640EADC0027
:1016D00055EA060E18D04FEA051545EA16754FEA89
:1016E00006164FEAC30343EA52734FEAC2025FEAA7
:1016F0001C1CC0D111F4801F0BD141EA00014FF036
:1017000000004FF0004CB6E711F4801F04BF014306
:101710000020B4F1FD0C88BFBCF5E06F3FF6AFAE22
:10172000B5EB030C04BFB6EB020C5FEA500C50F1B2
:10173000000041EB045170BD0EF0004E4EEA113135
:1017400014EB5C04C2BFD4EB0C0541EA045170BD3C
:1017500041F480114FF0000E013C90E645EA060E80
:101760008DE60CEA135594EA0C0F08BF95EA0C0FAE
:101770003FF43BAF94EA0C0F0AD150EA01347FF4F6
:1017800034AF95EA0C0F7FF425AF104619462CE7CD
:1017900095EA0C0F06D152EA03353FF4FDAE104630
:1017A000194622E750EA410618BF52EA43067FF481
:1017B000C5AE50EA41047FF40DAF52EA43057FF411
:1017C000EBAE12E74FF0FF3C06E000BF4FF0010C1C
:1017D00002E000BF4FF0010C4DF804CD4FEA410C80
:1017E0007FEA6C5C4FEA430C18BF7FEA6C5C1BD04D
:1017F00001B050EA410C0CBF52EA430C91EA030FCE
:1018000002BF90EA020F0020704710F1000F91EA2A
:10181000030F58BF994208BF90422CBFD8176FEAF8
:10182000E37040F0010070474FEA410C7FEA6C5CC6
:1018300002D150EA013C07D14FEA430C7FEA6C5CCD
:10184000D6D152EA033CD3D05DF8040B704700BFF9
:101850008446104662468C461946634600E000BF47
:1018600001B5FFF7B7FF002848BF10F1000F01BD19
:101870004DF808EDFFF7F4FF0CBF012000205DF8E4
:1018800008FB00BF4DF808EDFFF7EAFF34BF012069
:1018900000205DF808FB00BF4DF808EDFFF7E0FF02
:1018A00094BF012000205DF808FB00BF4DF808ED53
:1018B000FFF7CEFF94BF012000205DF808FB00BFBA
:1018C0004DF808EDFFF7C4FF34BF012000205DF89C
:1018D00008FB00BF4FEA410C7FEA6C5C02D150EA82
:1018E000013C0AD14FEA430C7FEA6C5C02D152EA18
:1018F000033C02D14FF0000070474FF001007047E9
:101900004FEA410212F5001215D211D56FF4787327
:10191000B3EB625212D94FEAC12343F0004343EACA
:10192000505311F0004F23FA02F018BF40427047A5
:101930004FF00000704750EA013005D111F000402F
:1019400008BF6FF0004070474FF00000704700BFC5
:101950004A0011D212F5001211D20DD56FF478732E
:10196000B3EB62520ED44FEAC12343F0004343EA83
:10197000505323FA02F070474FF00000704750EACE
:10198000013002D14FF0FF3070474FF00000704738
:1019900053B94AB9002908BF00281CBF4FF0FF31D6
:1019A0004FF0FF3000F0DAB9ADF1080C6DE904CE6C
:1019B00000F044F8DDF804E0DDE9022304B07047EC
:1019C00070B5FFF795FC0C4B002204460D46FFF75F
:1019D000E7FCFFF7BDFF0646FFF768FC074B002258
:1019E000FFF7DEFC02460B4620462946FFF720FBA8
:1019F000FFF7AEFF314670BD0000F03D0000F04142
:101A000070B50C4B002204460D46FFF7C9FCFFF7EA
:101A10009FFF0646FFF74AFC074B0022FFF7C0FC7A
:101A200002460B4620462946FFF702FBFFF790FFD0
:101A3000314670BD0000F03D0000F0412DE9F04757
:101A400082B00646DDF828E00846B4460D46002B75
:101A50004ED18A4214466DD9B2FA82F242B1C2F135
:101A60002003954026FA03F394401D4306FA02FC36
:101A7000260CA7B2B5FBF6F14FEA1C4306FB115545
:101A800043EA054301FB07F0984209D9E31801F145
:101A9000FF3580F00381984240F2008102392344EF
:101AA0001B1A1FFA8CFCB3FBF6F006FB10334CEA52
:101AB000034C00FB07F363450AD914EB0C0C00F14F
:101AC000FF3580F0ED80634540F2EA80A44402389F
:101AD00040EA0140ACEB030C0021BEF1000F04D042
:101AE0002CFA02F30022CEE9003202B0BDE8F08702
:101AF0008B4209D9BEF1000F01D0CEE9006100216F
:101B0000084602B0BDE8F087B3FA83F11746002912
:101B10004DD1834202D3B24200F20F81B6EB070CE3
:101B200060EB030301201D46BEF1000FDDD0CEE9BE
:101B300000C5DAE7002A00F098801A46B4FA84F368
:101B4000002B40F0AF800B1B270CA6B20121B3FB8A
:101B5000F7F54FEA1C4007FB153340EA034306FB49
:101B600005F8984507D9E31805F1FF3002D29845EA
:101B700000F2E8800546A3EB08031FFA8CFCB3FBD8
:101B8000F7F007FB10334CEA034C06FB00F3634508
:101B900008D914EB0C0C00F1FF3602D2634500F2B9
:101BA000CE803046ACEB030C40EA054095E7C1F12E
:101BB00020058B4022FA05FC4CEA030C00FA01F4E4
:101BC00026FA05F3E84002FA01F943EA04084FEA6D
:101BD0001C4206FA01FAB0FBF2F71FFA8CF602FB80
:101BE00017004FEA184444EA004407FB06F0A042FD
:101BF0000AD91CEB040407F1FF3380F09C80A0425B
:101C000040F29980023F6444241A1FFA88F3B4FB1F
:101C1000F2F002FB104443EA044300FB06F69E4246
:101C200009D91CEB030300F1FF3480F082809E424F
:101C30007FD90238634440EA0740A0FB09749B1B2C
:101C4000A3423E46A04664D361D0BEF1000F0AD045
:101C5000BAEB060263EB080303FA05F5CA40154325
:101C6000CB40CEE9005300213FE7730843EAC1733C
:101C70004A08190C41EA02414FEAC67C9BB2B2FB0A
:101C8000F4F02646A04627461F2243EA0143B1FB53
:101C9000F4F1A3EB080341EA004158E72946FFE6C7
:101CA000284615E71A46C3F120019C4026FA01F3A5
:101CB00020FA01F190400343270C06FA02FCB1FB25
:101CC000F7F0A6B207FB1015190C41EA054100FB1D
:101CD00006F58D423BD9611801D28D4220D8491BAF
:101CE0000138B1FBF7F5019505FB06F8019D9BB2A4
:101CF00007FB151143EA0143434526D2E31805F1DA
:101D0000FF31C6D24345C4D2A91E2344C1E7BA4518
:101D10009BD2B7EB090664EB0C040138A04694E7AC
:101D2000651B29440238B1FBF7F5019505FB06F860
:101D3000DCE720467FE71F4666E70846F4E6A44452
:101D400002382FE7023D234415E70199A1E7491B1B
:101D5000B1FBF7F5019505FB06F8C7E7704700BF33
:101D6000024B58221A604FF0FF307047482B00207A
:101D7000024B58221A604FF0FF307047482B00206A
:101D800000F0A4B900F078BC00F094B800F000B8FE
:101D900010B5A1FB021482B074BBFFF7F1FF03463C
:101DA00070B350F8042C22F00302043A242A10D80D
:101DB000132A16D91B2AC0E900441AD9242AC0E9DB
:101DC00002440ABFC0E9044400F1100100F1180107
:101DD00008E021460190F9F753FA019B184602B03A
:101DE00010BD014600221846C1E900228A6002B0F7
:101DF00010BD00F10801F5E7F9F79CFB0C23036027
:101E00000023184602B010BDF8B5064608200C465F
:101E100000F0DAFD07463046F1F7ECFA224A936803
:101E20005D6825F00305A5F111031C1B3C44B4FBC0
:101E3000F7F4013C07FB04F4A74208DC002130461C
:101E400000F0B0FD184A93682B44984204D0304605
:101E5000F1F7D4FA0020F8BD6142304600F0A2FD4F
:101E60000130114A0DD0114993682D1B45F0010531
:101E70005D600B6830461B1B0B60F1F7BFFA012059
:101E8000F8BD0021304600F08DFD074A9268831AA4
:101E90000F2BDCDD43F001035360054B03491B6846
:101EA000C01A0860D3E700BFE00A0020502B0020D2
:101EB000D80A0020002965D02DE9F0410C460746DC
:101EC000F1F798FA54F804EC7D49A4F1080C2EF0CF
:101ED00001030CEB03028D685068954220F003006B
:101EE0000EF0010600F08B80151850606D6805F04B
:101EF0000105A846AEBB54F8084CACEB040C2344D7
:101F0000DCF8084001F1080E74456BD0DCF80C5089
:101F1000E560AC60B8F1000F00F08C8043F0010088
:101F2000CCF804001360B3F5007F35D2DA084868B6
:101F30005C090132012312B2A34003434B6051F804
:101F40003200CCF8080001EBC203083BCCF80C309F
:101F500041F832C0C0F80CC03846BDE8F041F1F796
:101F60004DBA85B9034401F1080E9068704543F0FD
:101F700001047AD0D268C2609060CCF804404CF87A
:101F80000330D0E770474EF00102B3F5007F44F80C
:101F9000042C4CF80330C9D3B3F5206F4FEA53201B
:101FA0004AD2980900F1390212B200F13804D20085
:101FB00088188A580838904203D15FE092689042AE
:101FC00004D0516821F003019942F7D8D068CCE9D8
:101FD0000220C0F808C03846C2F80CC0BDE8F04185
:101FE000F1F70CBAA5BB1844D2E90223D3609A607A
:101FF00040F00103CCF804304CF80000ACE7184482
:1020000046B954F8083CACEB030C1844DCE9022355
:10201000D3609A6040F00103CCF80430294BC1F83A
:1020200008C01B68834297D8274B38461968FFF7CA
:10203000EBFE91E7034498E714280FD9542824D8DD
:10204000180B00F16F0212B200F16E04D200AFE77C
:1020500043F00101CCF8041013607DE700F15C024D
:1020600012B200F15B04D200A2E7C1E904CCCCE9D2
:1020700002EECCF804404CF803306DE7A4100123C5
:10208000A3404C6823434B60A1E7B0F5AA7F07D873
:10209000D80B00F1780212B200F17704D20087E782
:1020A00040F25452904206D8980C00F17D0200F1A3
:1020B0007C04D2007CE74FF47E727E2478E700BF78
:1020C000E00A0020DC0A0020802B00202DE9F04FE0
:1020D00001F10B02162A85B0804624D8102900F29F
:1020E000AB80F1F787F9022518211022B74C214463
:1020F000A1F108004E68864200F062817268F168C2
:10210000B46822F003023244E1608C60516841F00F
:10211000010140465160F1F771F906F108042046CB
:1021200005B0BDE8F08F32F0070200F185809142E2
:1021300000F282800192F1F75DF9019AB2F5FC7F1D
:10214000C0F0BA81570A7FD0042F00F2728197093C
:1021500007F139052BB207F1380CDB009B4C234407
:10216000A3F108065B689E4207D10DE00028DF68F6
:1021700080F21381BE4207D03B46596821F003012B
:10218000881A0F28F2DD6546236991498B4200F0D9
:10219000F1805E6826F00306B11A0F2900F39181E1
:1021A0008B480029C4E9040080F27981B6F5007FEC
:1021B000676880F01981F10801310FFA81FC760916
:1021C0000121B14054F83C0098600F4304EBCC016E
:1021D0000839D960676044F83C30C360AB10012611
:1021E0009E40BE4236D83E4206D125F00305760019
:1021F0003E4205F10405FAD004EBC50A04EBC5071D
:10220000A946F9680EE0486820F0030EAEEB020C18
:10221000BCF10F0F0B46C96800F31881BCF1000F29
:1022200080F22D818F42EED109F1010919F0030FDF
:1022300007F10807E5D17FE10C23C8F8003000243E
:10224000204605B0BDE8F08F4FF4007340254FF0F5
:102250003F0C83E7A768796821F0030393429A460D
:1022600003D3991A0F2900F387805A495A4E0968F7
:10227000103111440820CDE9011200F0A5FB0199AD
:102280004B1E03444542834630681D40B0F1FF3F7A
:1022900018BF29464046019100F084FB411C0546C9
:1022A000DDE9011200F02B8107EB0A0C844500F2F6
:1022B00024814A4B186800EB01090BF1FF3EC3F87B
:1022C000009000F08981306801301BBFA5EB0C0C39
:1022D00009EB0C003560186015F00700814600F02E
:1022E0004881C0F108000544CDE901236B1803EAD9
:1022F0000E015844401A00EA0E06314640469B46FD
:1023000000F050FB421CDDE9012300F09581401BE9
:10231000304440F001011868A56000EB0609A742AF
:102320006960C3F8009017D0BAF10F0F40F25E81D8
:10233000AAF10C0121F0070C796801F0010141EAD2
:102340000C017960052607EB0C01BCF10F0FC1E908
:10235000016600F263816968214B1E684E4538BFF3
:10236000C3F800901F4B1E684E4501D2C3F8009081
:102370002F46C6E0676831E7BD1841F0010142F021
:1023800001027A604046A5606960F1F737F807F10D
:102390000804204605B0BDE8F08F9A6801931944FF
:1023A000D760BA604A6842F0010240464A60F1F7DD
:1023B00025F8019B03F10804204605B0BDE8F08F25
:1023C000CE68B1427FF49AAE0235DDE6E00A002025
:1023D000E80A0020802B0020D80A0020502B002083
:1023E0007C2B0020782B0020B6F5206F4FEA56207A
:1023F0007CD3142800F2D38000F15C0109B25B3079
:10240000C90004EB010C6158ACF1080C8C4503D1F8
:10241000A8E089688C4504D0486820F00300B042E9
:10242000F7D8D1F80CC0C3E9021CCCF80830CB6057
:10243000D4E6142F72D9542F00F2BA80170B07F18B
:102440006F052BB207F16E0CDB0087E69D1842F09A
:1024500001025A609E68864AF1608E60C4E90455A4
:10246000C5E902224CF001026A60404643F80EC002
:102470000193F0F7C3FF019B03F10804E0E69E44DB
:102480001C46DEF8043043F00103CEF8043054F863
:10249000083F4046D9608B60F0F7B0FFD0E61E449D
:1024A00040467268019342F001027260F0F7A6FFA5
:1024B000019B03F10804C3E6D508691C09B2C900F1
:1024C00014E69D1842F001025A60694A0193C4E97A
:1024D0000455C5E9022241F001026A604046995163
:1024E000F0F78CFF019B03F10804A9E6B00900F1A5
:1024F000390109B23830C90083E7A74263D0A76821
:10250000796821F003009042A0EB020102D30F2969
:102510003FF732AF4046F0F771FF90E607F15C05F8
:102520002BB207F15B0CDB0018E6514651F8083975
:102530008B428A4640F09A8015F0030F05F1FF3573
:10254000F3D1636823EA0603636076009E423FF698
:1025500081AE1EB97EE6760009F104091E42FAD06A
:102560004D4649E68010012606FA00F007436760F1
:1025700059E7CDE902236B1803EA0E01ABEB010624
:1025800006EA0E0631464046019300F00BFA431C62
:10259000019B04BF4E461846DDE90223B7E65428E6
:1025A00027D8300B00F16F0109B26E30C90028E75F
:1025B000B7F5AA7F27D8D70B07F178052BB207F11B
:1025C000770CDB00CAE52B4B186800EB01090BF117
:1025D000FF3EC3F8009076E615EA0E0F7FF473AE67
:1025E000A568514441F001016960B5E601236B60C3
:1025F00090E7B0F5AA7F25D8F00B00F1780109B279
:102600007730C900FDE640F254539F4224D8930C22
:1026100003F17D0503F17C0CEB009FE507F1080158
:102620004046CDE90123FFF7AFFBA568029B69682F
:10263000D3F80090019A8FE6A9F108010BEB010095
:10264000002664E640F2545188420BD8B00C00F1E9
:102650007D01C9007C30D4E64FF47E737F254FF0B6
:102660007E0C7BE54FF47E717E20CAE663686CE7E2
:10267000E80A0020502B0020002900F09F802DE95F
:10268000F04383B00C4600928046F0F7B3FE009909
:1026900001F10B03162B60D81023994260D854F82F
:1026A00004EC2EF003029A42A4F1080565DAB3485F
:1026B000806805EB020C6045DCF8046000F0908057
:1026C00026F0010060444068C0076CD426F0030681
:1026D000901983424CDD1EF0010F0FD154F8080C05
:1026E000281A0746406820F0030006441644B34207
:1026F00040F3EF801618B34240F3C9804046CDE95D
:102700000023FFF73DFBDDE900230646002800F02B
:10271000178154F8041C21F001012944A0F1080C90
:10272000614500F0AE80043A242A00F2CE80132ADC
:1027300000F29C8003462246116819605168596076
:1027400092689A6021464046FFF71EFB4046F0F72C
:1027500055FE304603B0BDE8F08333F007039CD547
:102760000C23C8F800300026304603B0BDE8F083E3
:102770000246DCE90201C16088606968D01A0F284E
:1027800001F0010105EB02061BD811436960736873
:1027900043F0010373604046F0F730FE26463046B2
:1027A00003B0BDE8F0831EF0010FA7D154F8080C68
:1027B000281A0746406820F003009BE71146FFF700
:1027C000DFBA19436960E91840F001004860736896
:1027D00043F00103083173604046FFF7D5FADAE7AA
:1027E00026F00306B01803F1100C604580F28B80D0
:1027F0001EF0010F82D154F8080C281A07464068D1
:1028000020F0030006441644B445B1463FF772AFCA
:102810003E46F96856F8080F043A242AC1608860D9
:1028200000F2A580132A40F2A0802168B960616897
:10283000F9601B2A00F2A480083407F11002216815
:10284000116061685160A1689160F918A9EB0302F9
:102850004A4D42F00102A9604A607A6802F0010222
:10286000134340467B60F0F7C9FD98E72368036097
:10287000636843601B2A3BD804F1080200F1080397
:102880005AE750F8041C21F003010A4475E7043AA2
:102890003D46F96855F8080F242AC160886020D8A1
:1028A000132A1CD92168B9606168F9601B2A3DD8D8
:1028B000083407F110022168116061685160A16855
:1028C00091602C4632463D4657E72146F8F746FCD4
:1028D00038E7DCE90201043AC1608860D8E72A469B
:1028E000E9E7214628460093F8F738FC009BE8E723
:1028F000A3688360E368C360242A25D004F1100232
:1029000000F1100318E71D4A1D449560C21A42F0F9
:1029100001026A6054F8042C02F00102134340469D
:1029200044F8043CF0F76AFD264638E7A1683961AF
:10293000E1687961242A10D0103407F11802BAE74F
:102940004046F0F75BFD0EE7236903616169416171
:1029500004F1180200F11803EEE62269BA61626917
:10296000FA61183407F12002A5E7324667E72146ED
:1029700030460093F8F7F2FB009B66E7E00A002080
:10298000A1683961E1687961242A03D0103407F124
:10299000180254E72269BA616269FA61183407F1D2
:1029A00020024CE738B5074C002305460846236053
:1029B000F0F7DEFC431C00D038BD2368002BFBD0B1
:1029C0002B6038BD482B0020082802D14FF48050DE
:1029D000704708B5F8F7AEFD162303604FF0FF30DF
:1029E00008BD00BFF8B500BFF8BC08BC9E467047E4
:1029F000F8B500BFF8BC08BC9E4670472D2D2D2DA4
:102A00002D2D2D2D2D2D2D2D2D2D2D2D2D2D2070C0
:102A1000726F746F636F6C20737461636B20737477
:102A20006172747321202D2D2D2D2D2D2D2D2D2DE9
:102A30002D2D2D2D2D2D2D2D2D2D2D2D2D2D2D2DC6
:102A40000A003A3A20494420666F7220746869731C
:102A5000206E6F6465203A20003A3A20494420668F
:102A60006F72207468652064657374696E6174693F
:102A70006F6E203A2000656E646E6F6465203A20A8
:102A800025692C2064657374203A2025690A005B4F
:102A90005741524E494E475D206D79494420616E41
:102AA000642064657374696E6174696F6E20494453
:102AB000206973207468652073616D6521206D79CC
:102AC0003A25692C20646573743A25690A005B4CC9
:102AD000325D205761726E696E673A206465737467
:102AE0002049442073616D65206173206D79204910
:102AF0004420282569290A005B4C335D5B5741520D
:102B00004E494E475D20496E76616C6964205044A1
:102B10005520534E2028256929207768696C652047
:102B20002825692920697320726571756972656449
:102B3000212064697363617264696E672069742E11
:102B40002E2E0A005B4C325D5B5741524E494E4778
:102B50005D204661696C656420746F2073656E64E6
:102B600020646174612025692C206D617820726574
:102B7000747820636E7420726561636865642120D7
:102B80000A005B4C325D204661696C656420746F9D
:102B900020636F6E66696720537263204944206129
:102BA000742050485920286361757365203A2025A8
:102BB00069290A005B43555D20496E697469616C3F
:102BC000697A65642E205479706520277374617268
:102BD000742720746F206F70656E207468652061A3
:102BE0007474656E64616E63652077696E646F7777
:102BF0002E0A007374617274005B43555D2041744A
:102C000074656E64616E63652077696E646F7720AA
:102C10004F50454E2028256920736563292E0A00F0
:102C20005B43555D5B574149545D20556E6B6E6F3C
:102C3000776E20636F6D6D616E6420272573272E7C
:102C40002054797065202773746172742720746F23
:102C500020626567696E2E0A005B43555D204174F2
:102C600074656E64616E63652077696E646F77204A
:102C7000434C4F5345442E0A000A3D3D3D3D3D2007
:102C8000417474656E64616E63652053756D6D612A
:102C90007279203D3D3D3D3D0A002020537475640E
:102CA000656E7420253269203A2050524553454EB6
:102CB000540A003D3D3D3D3D3D3D3D3D3D3D3D3D9D
:102CC0003D3D3D3D3D3D3D3D3D3D3D3D3D3D3D3D34
:102CD0003D0A005B43555D2042726F61646361731E
:102CE00074696E67207072652D646561646C696ECD
:102CF0006520616273656E636520616C6572742E18
:102D00000A005B43555D2053747564656E7420251D
:102D10006920525353493D25692064426D20EC8857
:102D200098EC8BA0202825752F257520EC8398ED35
:102D3000948C290A005B43555D2053747564656E5D
:102D40007420256920ED8F89EAB7A020525353499A
:102D50003D25692064426D2028EC9E84EAB384EA14
:102D6000B0923D25692064426D290A005B43555DA0
:102D70005B415454454E445D2053747564656E74D4
:102D8000202569206D61726B656420505245534562
:102D90004E540A005B43555D2053747564656E7430
:102DA00020256920ECB69CEC849D20EAB1B0EBB6FE
:102DB000802028ED8F89EAB7A0205253534920255F
:102DC00069203C20EC9E84EAB384EAB09220256915
:102DD000290A005B48414C5D206572726F72206F5A
:102DE0006E20636F6E66696720706172616D6574D5
:102DF0006572203A2074696D6520697320746F6F65
:102E0000206C6F6E6721202825692C206D757374E6
:102E1000206265206C657373207468616E203130A8
:102E200032342E20696620796F752077616E7420A8
:102E30006C6F6E676572206F6E652C207468656EAE
:102E400020646F20636F6E74696E6F7573206D6F91
:102E500064652028727854696D65203D20302920F2
:102E6000290A005B48414C5D5B5741524E494E4731
:102E70005D20646174612072617465202569206938
:102E800073207472756E6361746564005B48414CB5
:102E90005D205B4552524F525D204661696C65640E
:102EA00020746F20646F205258203A206D6F646543
:102EB0006D2073657474696E6720697320696E761E
:102EC000616C696420282569290A004661696C657E
:102ED0006420746F206163636570742048414C20E6
:102EE000636D643A207061636B657420697320655B
:102EF0006D707479210A004661696C656420746F95
:102F0000206163636570742048414C20636D643AAE
:102F1000207061636B65742073697A652069732022
:102F2000746F6F206C617267652120282569290AFA
:102F3000005B48414C5D205B4552524F525D20463C
:102F400061696C656420746F20646F2054582C2074
:102F5000696E76616C6964206D6F64656D20737451
:102F60006174757320282569290A005B48414C5D0E
:102F7000205B4552524F525D2046534D2066616999
:102F80006C20647572696E6720485720646F6E65A7
:102F90002068616E646C6572202852582C20435260
:102FA000434E4F4B290A005B48414C5D205B455224
:102FB000524F525D2046534D206661696C20647506
:102FC00072696E6720485720646F6E652068616E75
:102FD000646C6572202852582C204352434F4B2971
:102FE0000A005B48414C5D205B4552524F525D20C8
:102FF00046534D206661696C20647572696E672066
:10300000485720646F6E652068616E646C6572203D
:10301000285458290A005B4552524F525D20737460
:10302000617465206973207765697264203A256947
:103030000A005B48414C5D205B4552524F525D2077
:1030400048414C20696E697469616C697A61746980
:103050006F6E206661696C6564203A20636F6D6DE8
:103060006F6E207265736F7572636520737461741F
:1030700065202825692920697320696E76616C694D
:10308000640A000A09202020496E697469616C692C
:103090007A696E6720526164696F20496E74657247
:1030A000727570742068616E646C657273200A00BA
:1030B0005B4552524F525D206661696C65642069C0
:1030C0006E20696E6974696174696E6720726164EB
:1030D000696F203A206D656D6F727920616C6C6F3D
:1030E00063206661696C65640A00426F61726420E6
:1030F000636F6E6E6563746564203A2025690A000B
:103100005B48414C5D205B4552524F525D20465317
:103110004D206661696C20647572696E6720736CFE
:10312000656570696E670A005B48414C5D205B45D0
:1031300052524F525D2046534D206661696C2064A7
:103140007572696E672048572074696D65206861E3
:103150006E646C65720A005B48414C5D205B4552B1
:10316000524F525D2046534D206661696C20647554
:1031700072696E6720525873746172740A005B48FA
:10318000414C5D205B4552524F525D2046534D20CD
:103190006661696C2072782061626F727420647558
:1031A00072696E6720747853746172740A005B48A8
:1031B000414C5D205B4552524F525D2046534D209D
:1031C0006661696C20647572696E672074785374E7
:1031D0006172740A006D6F64656D2073746174654B
:1031E00020697320696E76616C69642846534B2CA4
:1031F000207768696368206973206E6F7420737527
:1032000070706F72746564206E6F77290A005B4876
:10321000414C5D5B4552524F525D204661696C6581
:103220006420746F20737461727420525820636F2D
:103230006E66696775726174696F6E203A20737487
:10324000617465206D69736D61746368206F7220AD
:103250007265736F75726365206973206E6F742079
:103260006F776E656420627920525820282569297D
:103270000A005B48414C5D5B4552524F525D20460F
:1032800061696C656420746F20737461727420547A
:103290005820636F6E66696775726174696F6E201E
:1032A0003A207374617465206D69736D617463682D
:1032B000206F72207265736F757263652069732069
:1032C0006E6F74206F776E65642062792054582089
:1032D000282569290A005B48414C5D5B4552524FE5
:1032E000525D204661696C656420746F207365745B
:1032F00020706172616D6574657220506F776572C0
:10330000202D207374617465206D69736D61746321
:1033100068206F7220726573206973206E6F74204D
:103320006F776E65642062792025692028256929D8
:103330000A005B48414C5D5B4552524F525D20464E
:1033400061696C656420746F2073746172742052BB
:103350005820636F6E66696775726174696F6E205D
:103360003A207374617465206D69736D617463686C
:10337000206F72207265736F7572636520697320A8
:103380006E6F74206F776E656420627920545820C8
:10339000282569290A005B48414C5D5B4552524F24
:1033A000525D204661696C656420746F207365749A
:1033B00020706172616D6574657220527854696D18
:1033C00065202D207374617465206D69736D61745F
:1033D0006368206F7220726573206973206E6F744A
:1033E000206F776E65642062792025692028256921
:1033F000290A005B48414C5D5B4552524F525D20AB
:103400004661696C656420746F2073657420706117
:1034100072616D6574657220436F64655261746595
:10342000202D207374617465206D69736D61746300
:1034300068206F7220726573206973206E6F74202C
:103440006F776E65642062792025692028256929B7
:103450000A005B48414C5D5B4552524F525D20462D
:1034600061696C656420746F20736574207061728B
:10347000616D657465722044617461526174652088
:103480002D207374617465206D69736D6174636858
:10349000206F7220726573206973206E6F74206FC5
:1034A000776E656420627920256920282569290ABC
:1034B000005B48414C5D5B4552524F525D20466176
:1034C000696C656420746F2073657420706172612B
:1034D0006D65746572204C6F7744524F7074202D67
:1034E000207374617465206D69736D617463682005
:1034F0006F7220726573206973206E6F74206F770E
:103500006E656420627920256920282569290A00D2
:103510005B48414C5D205B5741524E494E475D2010
:10352000726573657276696E6720636F6D6D6F6E1D
:10353000207265736F7572636520776974682065A2
:103540006E74697479204E4F4E452E0A005B4841D7
:103550004C5D205B4552524F525D204661696C655F
:103560006420746F2072657365727665207265736E
:103570006F75726365203A20616C726561647920B1
:103580006F636375706965642062792025690A003C
:103590005B48414C5D205B4552524F525D20465383
:1035A0004D206661696C20647572696E6720726572
:1035B000736F757263652072657365727661746985
:1035C0006F6E0A005B48414C5D5B4552524F525D45
:1035D000204661696C656420746F20736574207087
:1035E0006172616D65746572204257202D2073747D
:1035F000617465206D69736D61746368206F7220FA
:10360000726573206973206E6F74206F776E6564C6
:1036100020627920256920282569290A005B484114
:103620004C5D5B4552524F525D204661696C65644A
:1036300020746F2073657420706172616D657465AC
:103640007220507265616D626C654C656E202D2034
:103650007374617465206D69736D61746368206F44
:103660007220726573206973206E6F74206F776E9D
:10367000656420627920256920282569290A005B74
:1036800048414C5D5B4552524F525D204661696C2A
:10369000656420746F2073657420706172616D655C
:1036A000746572205258436F6E742E202D207374EF
:1036B000617465206D69736D61746368206F722039
:1036C000726573206973206E6F74206F776E656406
:1036D00020627920256920282569290A005B484154
:1036E0004C5D5B4552524F525D204661696C65648A
:1036F00020746F2073657420706172616D657465EC
:10370000722046726571204348202D2073746174C5
:1037100065206D69736D61746368206F72207265D6
:1037200073206973206E6F74206F776E65642062FA
:103730007920256920282569290A005B48414C5DCC
:10374000205B4552524F525D2046534D20666169C1
:103750006C20647572696E672053572074696D65BB
:103760006F75740A005B48414C5D205B4552524FB7
:10377000525D204661696C656420746F2072656CCF
:1037800065617365207265736F75726365203A2099
:103790006F636375706965642062792025692C20E8
:1037A0007768696C65202569207472696573207477
:1037B0006F2072656C656173650A005B48414C5D02
:1037C000205B4552524F525D2046534D2066616941
:1037D0006C20647572696E67207265736F757263B1
:1037E000652072656C656173650A0020202D20528A
:1037F0006164696F20636F756C64206E6F74206202
:1038000065206465746563746564210A005B5048D3
:10381000594D41435D205741524E494E47203A2071
:103820005044552073697A6520697320746F6F2046
:103830006C617267652121205044552077696C6C5A
:10384000206265207472756E63617465642E2E2E1D
:103850000A005B5048594D41435D205741524E4943
:103860004E47203A206B656570207468652073743C
:103870006174652061732054582C2073696E6365F0
:1038800020746865205458206973206F6E2D676F0F
:10389000696E67207269676874206E6F770A0052DC
:1038A00046206368616E6E656C203A2025692C2085
:1038B00066726571203A2025690A005B5048594DAF
:1038C00041435D204552524F52203A206661696C57
:1038D000656420746F2068616E646C652044415497
:1038E000415F524551203A20696E76616C696420CF
:1038F000737461746520282569290A005B50485952
:103900004D41435D204552524F52203A2066616935
:103910006C656420746F2068616E646C652044413E
:1039200054415F524551203A2073697A652069738A
:1039300020746F6F206C6172676520282569203EB6
:10394000202569290A005B5048594D41435D2045B7
:1039500052524F52203A206661696C656420746F40
:103960002068616E646C6520636F6E66696775724E
:103970006174696F6E203A20736F757263652049B8
:10398000442063616E6E6F74206265206368616EAF
:1039900067656420696E20545820737461746520D3
:1039A000282569290A005B48414C5D2046534D207B
:1039B0006572726F72212063616E6E6F7420686130
:1039C0007070656E206576656E7420256928257394
:1039D0002920696E207374617465203A2025692856
:1039E0002573290A0050696E6D6170206572726FCF
:1039F000723A2077726F6E6720706F7274206E75E6
:103A00006D6265722E002F686F6D652F6A656E6B33
:103A1000696E732F6275696C645F6E6F64655F3485
:103A20005F322F776F726B73706163652F626D5FAA
:103A3000777261702F313730372F6D6265642D6F6B
:103A4000732F746172676574732F544152474554E4
:103A50005F53544D2F6770696F5F6170692E63000B
:103A600070696E20213D202850696E4E616D652978
:103A70004E4300496E74657272757074496E2065AC
:103A800072726F723A2070696E206E6F7420737557
:103A900070706F727465642E0A00556E657870657B
:103AA000637465642053707572696F757320696EF5
:103AB000746572727570742C20696E646578202547
:103AC000640D0A002F686F6D652F6A656E6B696EF5
:103AD000732F6275696C645F6E6F64655F345F320B
:103AE0002F776F726B73706163652F626D5F777292
:103AF00061702F313730372F6D6265642D6F732FF2
:103B00004255494C442F6D6265642F706C61746638
:103B10006F726D2F53696E676C65746F6E5074723F
:103B20002E68005F707472203D3D202854202A29A1
:103B3000265F64617461002F686F6D652F6A656E22
:103B40006B696E732F6275696C645F6E6F64655F1D
:103B5000345F322F776F726B73706163652F626DA4
:103B60005F777261702F313730372F6D6265642D4A
:103B70006F732F706C6174666F726D2F6D62656408
:103B80005F72657461726765742E637070003020B7
:103B90003D3D20282A67756172645F6F626A6563C4
:103BA000742026204358415F47554152445F4D41A0
:103BB000534B29004358415F47554152445F494E9A
:103BC00049545F494E5F50524F4752455353203D31
:103BD0003D20282A67756172645F6F626A6563744D
:103BE0002026204358415F47554152445F4D415381
:103BF0004B29002F686F6D652F6A656E6B696E7358
:103C00002F6275696C645F6E6F64655F345F322F1D
:103C1000776F726B73706163652F626D5F7772612E
:103C2000702F313730372F6D6265642D6F732F74AD
:103C30006172676574732F5441524745545F535402
:103C40004D2F70696E6D61702E630043616E6E6FF3
:103C50007420696E697469616C697A652052544395
:103C60002077697468204C53450A0050657269706A
:103C700068436C6B496E6974537472756374205237
:103C80005443206661696C65642077697468204CD0
:103C900053450A0052544320696E697469616C6926
:103CA0007A6174696F6E206661696C656400456E47
:103CB00061626C65427970617373536861646F7798
:103CC000206572726F720048414C5F5254435F53DB
:103CD000657444617465206572726F720A004841B0
:103CE0004C5F5254435F53657454696D652065722F
:103CF000726F720A0043616E6E6F7420696E697430
:103D000069616C697A6520554152542077697468FD
:103D1000206261756420726174652025750A002F28
:103D2000686F6D652F6A656E6B696E732F6275695A
:103D30006C645F6E6F64655F345F322F776F726B98
:103D400073706163652F626D5F777261702F3137B9
:103D500030372F6D6265642D6F732F7461726765E4
:103D600074732F5441524745545F53544D2F73651C
:103D70007269616C5F6170692E63006F626A5F7364
:103D80002D3E7561727420213D2028554152544EBC
:103D9000616D65294E43004572726F723A206E65FF
:103DA000772073657269616C206F626A6563742045
:103DB0006973207573696E672073616D6520554165
:103DC000525420617320535444494F006F626A5F1C
:103DD000732D3E696E646578203E3D203000434C73
:103DE0004B3A2053504920696E7374616E636520AD
:103DF0006E6F742073657400332077697265732069
:103E000053504920736C617665206E6F7420737512
:103E100070706F72746564202D20736C61766520FC
:103E200077696C6C206F6E6C7920726561640D0A25
:103E30000043616E6E6F7420696E697469616C69AC
:103E40007A6520535049002F686F6D652F6A656E43
:103E50006B696E732F6275696C645F6E6F64655F0A
:103E6000345F322F776F726B73706163652F626D91
:103E70005F777261702F313730372F6D6265642D37
:103E80006F732F746172676574732F544152474585
:103E9000545F53544D2F73746D5F7370695F61701D
:103EA000692E63007370696F626A2D3E73706920BA
:103EB000213D20285350494E616D65294E430053E2
:103EC0006574537973436C6F636B206661696C65CD
:103ED000640A002F686F6D652F6A656E6B696E737B
:103EE0002F6275696C645F6E6F64655F345F322F3B
:103EF000776F726B73706163652F626D5F7772614C
:103F0000702F313730372F6D6265642D6F732F42FC
:103F100055494C442F6D6265642F706C6174666FF7
:103F2000726D2F43616C6C6261636B2E68005F6F12
:103F300070730070696E6D6170206D69732D6D61B5
:103F40007463680070696E6D6170206E6F742066B6
:103F50006F756E6420666F72207065726970686537
:103F600072616C00636F756C64206E6F7420706991
:103F70006E6F75740044656570536C6565704C6F49
:103F8000636B206F766572666C6F7720283E2055D4
:103F9000534852545F4D4158290044656570536C35
:103FA0006565704C6F636B20756E646572666C6FCF
:103FB0007720283C203029006D626564206173738E
:103FC0006572746174696F6E206661696C65643ACC
:103FD0002025732C2066696C653A2025732C206C93
:103FE000696E65202564200A002F686F6D652F6A51
:103FF000656E6B696E732F6275696C645F6E6F645A
:10400000655F345F322F776F726B73706163652FFA
:10401000626D5F777261702F313730372F6D626557
:10402000642D6F732F706C6174666F726D2F6D628B
:1040300065645F637269746963616C2E63006372A7
:1040400069746963616C5F73656374696F6E5F72D5
:1040500065656E7472616E63795F636F756E7465AA
:1040600072203C2055494E5433325F4D4158002F49
:10407000686F6D652F6A656E6B696E732F62756907
:104080006C645F6E6F64655F345F322F776F726B45
:1040900073706163652F626D5F777261702F313766
:1040A00030372F6D6265642D6F732F68616C2F6DD3
:1040B0006265645F7469636B65725F6170692E63CA
:1040C000002F002F686F6D652F6A656E6B696E73C8
:1040D0002F6275696C645F6E6F64655F345F322F49
:1040E000776F726B73706163652F626D5F7772615A
:1040F000702F313730372F6D6265642D6F732F70DD
:104100006C6174666F726D2F46696C65506174687E
:104110002E637070006C656E20213D20300046617A
:1041200074616C2052756E2D74696D6520657272B4
:104130006F72000A0A2B2B204D6265644F53204595
:1041400072726F7220496E666F202B2B0A45727255
:104150006F72205374617475733A2030782558203B
:10416000436F64653A202564204D6F64756C653A31
:104170002025640A4572726F72204D657373616702
:10418000653A20004B65726E656C204572726F72E5
:104190003A20307825582C20005468726561643AC2
:1041A00020307825582C20004D757465783A2030E1
:1041B0007825582C200053656D6170686F72653AE0
:1041C00020307825582C20004D656D6F7279506F26
:1041D0006F6C3A20307825582C20004576656E7437
:1041E000466C6167733A20307825582C200054695A
:1041F0006D65723A20307825582C20004D65737318
:1042000061676551756575653A20307825582C20B1
:10421000000A4C6F636174696F6E3A2030782558DC
:10422000000A4572726F722056616C75653A2030D3
:10423000782558000A43757272656E74205468724E
:104240006561643A2049643A203078255820456EEB
:104250007472793A203078255820537461636B5317
:10426000697A653A203078255820537461636B4D24
:10427000656D3A20307825582053503A2030782503
:104280005820000A2D2D204D6265644F5320457241
:10429000726F7220496E666F202D2D0A00772B00F9
:1042A00053747265616D206F626A206661696C7516
:1042B0007265002F686F6D652F6A656E6B696E732E
:1042C0002F6275696C645F6E6F64655F345F322F57
:1042D000776F726B73706163652F626D5F77726168
:1042E000702F313730372F6D6265642D6F732F68F3
:1042F000616C2F6D6265645F637269746963616C80
:104300005F73656374696F6E5F6170692E6300210E
:104310006172655F696E74657272757074735F65E2
:104320006E61626C6564282900000000150A0008AF
:10433000190A00081F0A0008000C23000D1E000EB9
:10434000D2001A01001FAA0024070027120028C16A
:10435000002994002AC10030D800358F003B0200AC
:1043600040000041300131430123400103000000BF
:104370000101020101010302020103030302010022
:104380000201010001010001010000010100010121
:10439000010000000600000000300140020500009E
:1043A000140000000030014002050000140100006C
:1043B000003C0040020600001E00000000380040E3
:1043C0000205000022000000003800400205000045
:1043D0002B000000003C004002060000FFFF000030
:1043E000FFFFFFFF00000000070000000030014059
:1043F0000205000010000000003C00400207000021
:1044000012000000003C0040020700001500000000
:10441000003001400205000015010000003C004092
:10442000020600001F0000000038004002050000E6
:1044300021000000003800400207000021010000B8
:10444000003C00400205000023000000003800404E
:10445000020500002C000000003C004002060000A5
:10446000FFFF0000FFFFFFFF00000000050000004D
:104470000030014002050000090000000038004043
:10448000020500001300000000300140020500009A
:1044900013010000003C0040020600001A0000006A
:1044A00000380040020500001D00000000380040F8
:1044B000020500002700000000380040020500004F
:1044C0002A000000003C004002060000FFFF000040
:1044D000FFFFFFFF0000000004000000003001406B
:1044E0000205000004010000003C0040020600003C
:1044F0000F00000000300140020500000F01000025
:10450000003C00400206000014000000003800409B
:1045100002070000190000000038004002050000FA
:104520001C0000000038004002050000FFFF0000F2
:10453000FFFFFFFF0000000001000000004C0040F2
:1045400012080000030000000044004012070000B1
:104550000A000000001001401207000017000000D0
:104560000010014012070000250000000048004034
:10457000120700002700000000140140120800008C
:104580002B00000000480040120700002B01000033
:10459000004C0040120800003200000000500040B3
:1045A00012080000FFFF0000FFFFFFFF00000000F7
:1045B00000000000004C0040120800000200000053
:1045C00000440040120700000900000000100140F4
:1045D0001207000016000000001001401207000042
:1045E0001A000000004800401207000026000000EA
:1045F00000140140120800002A000000004800409A
:10460000120700002A010000004C004012080000C0
:104610002C0000000050004012080000FFFF0000C6
:10462000FFFFFFFF0000000000000000000000008E
:10463000060000000000000001000000070000006C
:104640000000000002000000080000000000000060
:10465000030000000900000000000000040000004A
:104660000A00000000000000050000001700000024
:10467000010000000500000017000000020000001B
:104680000500000017000000030000000500000006
:1046900017000000040000000500000017000000E3
:1046A00000000000060000002800000001000000DB
:1046B00006000000280000000200000006000000C4
:1046C0002800000003000000060000002800000091
:1046D00004000000060000002800000005000000A3
:1046E000060000002800000000000000000000009C
:1046F000B13200080933000815330008B53200084C
:104700009D320008AD3200085D320008A932000871
:10471000613200086B320008A332000875320008CD
:104720007B3200088132000887320008933200088B
:10473000D93200089B3200082F73746465727200CE
:104740002F737464696E002F7374646F7574000046
:10475000010000000200000004000000080000004A
:104760001000000020000000400000008000000059
:10477000000100000002000000040000000800002A
:104780000010000000200000004000000080000039
:104790000000080010001800200028003000380039
:1047A00000000000000000000102030406070809E1
:1047B000000000000102030440420F00200000003E
:1047C00000000000000000000000000000000000E9
:1047D000693300080000000000000000650A0008BE
:1047E000890A0008BD630008000000000000000006
:1047F0009D0A0008750B00086D6400080448010854
:10480000C82800203D630008E16200082963000811
:1048100041630008ED620008096300083162000886
:1048200000000000000000004D6500084D65000814
:10483000D10B0008690F00085F6500086B65000870
:1048400044FFFFFF00000000FD0B00087B0F000885
:10485000BD7700088D770008EF770008F57700082E
:10486000F5770008F5770008F9770008F377000876
:10487000F9770008753200087B32000881320008A1
:104880008732000893320008973200089B320008F4
:104890006F650008636500084F65000857650008EC
:1048A00040FFFFFF00000000030C0008810F00081C
:1048B0000000000000000000156600083D660008CA
:1048C000000000000000000099680008C1680008AE
:1048D000FD670008FD670008E5220008AD23000819
:1048E0000000000080DE280080C84D0000A7760090
:1048F00000349E008012C700809FEE00007E1701EA
:10490000805C400180E9670100C890010055B80152
:104910000000000080DE2800001A4F0080F87700B9
:1049200080859F000064C80000F1EF0080CF18016F
:1049300000AE4101003B69018019920180A6B901D6
:104940000000000000000000656C0008676C0008B3
:104950004D6E0008BD6E0008000000000000000061
:10496000E576000831770008000000000000000034
:1049700000000000000000006933000869330008EF
:1049800069330008693300085D3200088577000844
:10499000613200086B3200086D790008753200083A
:1049A0007B32000881320008873200089332000809
:1049B000973200089B320008FCFFFFFF0000000058
:1049C00000000000000000000000000000000000E7
:1049D0000000000000000000BD7700088D7700088F
:1049E000EF770008F5770008F5770008F5770008FD
:1049F000F9770008F3770008F977000875320008A6
:104A00007B320008813200088732000893320008A8
:104A1000973200089B3200086933000869330008A8
:104A2000897700088B770008FCFFFFFF000000007B
:104A30000000000000000000000000000000000076
:104A4000000000000000000069330008693300081E
:104A500069330008693300085D3200088577000873
:104A6000613200086B3200086D7900087532000869
:104A70007B32000881320008873200089332000838
:104A8000973200089B3200080020202020202020A0
:104A900020202828282828202020202020202020EE
:104AA00020202020202020202088101010101010FE
:104AB000101010101010101010040404040404044A
:104AC00004040410101010101010414141414141E4
:104AD00001010101010101010101010101010101C6
:104AE00001010101101010101010424242424242D6
:104AF0000202020202020202020202020202020296
:104B0000020202021010101020000000000000003D
:104B10000000000000000000000000000000000095
:104B20000000000000000000000000000000000085
:104B30000000000000000000000000000000000075
:104B40000000000000000000000000000000000065
:104B50000000000000000000000000000000000055
:104B60000000000000000000000000000000000045
:104B70000000000000000000000000000000000035
:104B8000000000000000000000000000494E460048
:104B9000696E66004E414E006E616E0030313233F8
:104BA0003435363738396162636465660000000069
:104BB0003031323334353637383941424344454653
:104BC00000000000286E756C6C29000030000000A9
:104BD0002E0000004C435F434F4C4C4154450000B5
:104BE0004C435F4354595045000000004C435F4D17
:104BF0004F4E4554415259004C435F4E554D45521E
:104C0000494300004C435F54494D45004C435F4DC0
:104C10004553534147455300496E66696E6974793F
:104C2000000000004E614E0042616C6C6F632073A7
:104C30007563636565646564000000002F646174DA
:104C4000612F6A656E6B696E732F776F726B73700D
:104C50006163652F474E552D746F6F6C6368616992
:104C60006E2F61726D2D31352D352F7372632F6E5E
:104C700065776C69622D63796777696E2F6E6577EA
:104C80006C69622F6C6962632F7374646C69622F44
:104C900064746F612E6300002F646174612F6A6514
:104CA0006E6B696E732F776F726B73706163652FB4
:104CB000474E552D746F6F6C636861696E2F61721A
:104CC0006D2D31352D352F7372632F6E65776C69BD
:104CD000622D63796777696E2F6E65776C69622FD5
:104CE0006C6962632F7374646C69622F6D70726596
:104CF000632E63002C2066756E6374696F6E3A20B4
:104D000000000000617373657274696F6E20222564
:104D10007322206661696C65643A2066696C65205F
:104D2000222573222C206C696E652025642573254D
:104D3000730A0000303030303030303030303030B6
:104D40003030303020202020202020202020202023
:104D50002020202005000000190000007D00000038
:104D60000080E03779C34143176E05B5B5B8934667
:104D7000F5F93FE9034F384D321D30F94877825A33
:104D80003CBF737FDD4F1575000000000000F03F51
:104D90000000000000002440000000000000594016
:104DA0000000000000408F40000000000088C34069
:104DB00000000000006AF8400000000080842E41DE
:104DC00000000000D01263410000000084D797412A
:104DD0000000000065CDCD41000000205FA0024230
:104DE000000000E876483742000000A2941A6D42A5
:104DF000000040E59C30A2420000901EC4BCD64298
:104E000000003426F56B0C430080E03779C3414342
:104E100000A0D8855734764300C84E676DC1AB43B8
:104E2000003D9160E458E143408CB5781DAF1544D6
:104E300050EFE2D6E41A4B4492D54D06CFF08044B1
:104E4000F64AE1C7022DB544B49DD9794378EA44C6
:104E50003030303030303030303030303030303052
:104E60002020202020202020202020202020202042
:104E70003030303030303030303030303030303032
:104E80002020202020202020202020202020202022
:044E9000000000001E
:084E9400BCB3FE7F0100000029
:104E9C0000000000010188FF33000000434F4E4624
:104EAC00494720524551000000000000000000005E
:104EBC0000000000000000000000000000000000E6
:104ECC0000000000000000000000000000000000D6
:104EDC0000000000000000000000000000000000C6
:104EEC0000000000000000000000000000000000B6
:104EFC0000000000000000000000000000000000A6
:104F0C0052554E2052455100000000000000000098
:104F1C000000000000000000000000000000000085
:104F2C000000000000000000000000000000000075
:104F3C000000000000000000000000000000000065
:104F4C000000000000000000000000000000000055
:104F5C000000000000000000000000000000000045
:104F6C0000000000434F4E46494720434E46000088
:104F7C000000000000000000000000000000000025
:104F8C000000000000000000000000000000000015
:104F9C000000000000000000000000000000000005
:104FAC0000000000000000000000000000000000F5
:104FBC0000000000000000000000000000000000E5
:104FCC00000000000000000052554E20454E4400E9
:104FDC0000000000000000000000000000000000C5
:104FEC0000000000000000000000000000000000B5
:104FFC0000000000000000000000000000000000A5
:10500C000000000000000000000000000000000094
:10501C000000000000000000000000000000000084
:10502C000000000000000000000000005258204169
:10503C00424F525420524551000000000000000025
:10504C000000000000000000000000000000000054
:10505C000000000000000000000000000000000044
:10506C000000000000000000000000000000000034
:10507C000000000000000000000000000000000024
:10508C000000000000000000000000000000000014
:10509C0049444C45000000000000000000000000E6
:1050AC0000000000000000000000000000000000F4
:1050BC0000000000000000000000000000000000E4
:1050CC0000000000000000000000000000000000D4
:1050DC0000000000000000000000000000000000C4
:1050EC0000000000000000000000000000000000B4
:1050FC0000000000434F4E4649475552494E470069
:10510C000000000000000000000000000000000093
:10511C000000000000000000000000000000000083
:10512C000000000000000000000000000000000073
:10513C000000000000000000000000000000000063
:10514C000000000000000000000000000000000053
:10515C0000000000000000005245414459000000CE
:10516C000000000000000000000000000000000033
:10517C000000000000000000000000000000000023
:10518C000000000000000000000000000000000013
:10519C000000000000000000000000000000000003
:1051AC0000000000000000000000000000000000F3
:1051BC0000000000000000000000000052554E00EE
:1051CC0000000000000000000000000000000000D3
:1051DC0000000000000000000000000000000000C3
:1051EC0000000000000000000000000000000000B3
:1051FC0000000000000000000000000000000000A3
:10520C000000000000000000000000000000000092
:10521C000000000000000000000000000000000082
:10522C00FFFFFFFFFFFFFFFFFFFFFFFF000000007E
:10523C000000000000000000000000000000000062
:10524C000000000000000000000000000000000052
:10525C000000000000000000000000000000000042
:10526C000000000000000000000000000000000032
:10527C000000000000000000000000000000000022
:10528C000000000000000000000000000000000012
:10529C000000000000000000000000000000000002
:1052AC0000000000000000000000000000000000F2
:1052BC0000000000000000000000000000000000E2
:1052CC0000000000000000000000000000000000D2
:1052DC0000000000000000000000000000000000C2
:1052EC0000000000000000000000000000000000B2
:1052FC0000000000000000000000000000000000A2
:10530C000000000000000000000000000000000091
:10531C000000000000000000000000000000000081
:10532C00982D00200024F4004F7200081D3D000849
:10533C00753C0008013B0008E93B00080000000038
:10534C00030000000C2A00204300000000000000B5
:10535C000000000000000000000000000000000041
:10536C0000000000000000004300000000000000EE
:10537C000000000000000000000000000000000021
:10538C0000000000000000004300000000000000CE
:10539C000000000000000000000000000000000001
:1053AC0000000000000000004300000000000000AE
:1053BC0000000000000000000000000000000000E1
:1053CC00000000000000000043000000000000008E
:1053DC0000000000000000000000000000000000C1
:1053EC00000000000000000043000000000000006E
:1053FC0000000000000000000000000000000000A1
:10540C00000000000000000043000000000000004D
:10541C000000000000000000000000000000000080
:10542C00000000000000000043000000000000002D
:10543C000000000000000000000000000000000060
:10544C000000000000000000000000000000000050
:10545C000000000000000000000000000000000040
:10546C000000000000000000000000000000000030
:10547C000000000000000000000000000000000020
:10548C000000000000000000000000000000000010
:10549C000000000000000000000000000000000000
:1054AC0000000000000000000000000000000000F0
:1054BC0000000000000000000000000000000000E0
:1054CC0000000000000000000000000000000000D0
:1054DC0000000000000000000000000000000000C0
:1054EC0000000000000000000000000000000000B0
:1054FC0000000000000000000000000000000000A0
:10550C00000000000000000000000000000000008F
:10551C0055D5000849CD000800000000884A010854
:10552C00D04B0108004D0108004D0108004D010849
:10553C00004D0108004D0108004D0108004D010807
:10554C00004D0108004D0108FFFFFFFFFFFFFFFFAB
:10555C00FFFFFFFFFFFF00000100415343494900DB
:10556C00000000000000000000000000000000002F
:10557C0000000000000000000000415343494900B6
:10558C00000000000000000000000000000000000F
:10559C00000000000000000000000000D8080020FF
:1055AC00000000000C2A0020742A0020DC2A0020B5
:1055BC0000000000000000000000000000000000DF
:1055CC0000000000000000000000000000000000CF
:1055DC0000000000000000000000000000000000BF
:1055EC0000000000000000000000000000000000AF
:1055FC00000000000000000000000000000000009F
:10560C00000000000000000000000000000000008E
:10561C00000000000000000000000000000000007E
:10562C00000000000000000000000000000000006E
:10563C00000000000000000001000000000000005D
:10564C000E33CDAB34126DE6ECDE05000B00000022
:10565C00000000000000000000000000000000003E
:10566C00000000000000000000000000000000002E
:10567C00000000000000000000000000000000001E
:10568C00000000000000000000000000000000000E
:10569C0000000000000000000000000000000000FE
:1056AC0000000000000000000000000000000000EE
:1056BC0000000000000000000000000000000000DE
:1056CC0000000000000000000000000000000000CE
:1056DC0000000000000000000000000000000000BE
:1056EC0000000000000000000000000000000000AE
:1056FC00000000000000000000000000000000009E
:10570C00000000000000000000000000000000008D
:10571C00000000000000000000000000000000007D
:10572C00000000000000000000000000000000006D
:10573C00000000000000000000000000000000005D
:10574C00000000000000000000000000000000004D
:10575C00000000000000000000000000000000003D
:10576C00000000000000000000000000000000002D
:10577C00000000000000000000000000000000001D
:10578C00000000000000000000000000000000000D
:10579C0000000000000000000000000000000000FD
:1057AC00FFFFFFFF000002000000000000000000EF
:1057BC00E00A0020E00A0020E80A0020E80A0020A5
:1057CC00F00A0020F00A0020F80A0020F80A002055
:1057DC00000B0020000B0020080B0020080B002001
:1057EC00100B0020100B0020180B0020180B0020B1
:1057FC00200B0020200B0020280B0020280B002061
:10580C00300B0020300B0020380B0020380B002010
:10581C00400B0020400B0020480B0020480B0020C0
:10582C00500B0020500B0020580B0020580B002070
:10583C00600B0020600B0020680B0020680B002020
:10584C00700B0020700B0020780B0020780B0020D0
:10585C00800B0020800B0020880B0020880B002080
:10586C00900B0020900B0020980B0020980B002030
:10587C00A00B0020A00B0020A80B0020A80B0020E0
:10588C00B00B0020B00B0020B80B0020B80B002090
:10589C00C00B0020C00B0020C80B0020C80B002040
:1058AC00D00B0020D00B0020D80B0020D80B0020F0
:1058BC00E00B0020E00B0020E80B0020E80B0020A0
:1058CC00F00B0020F00B0020F80B0020F80B002050
:1058DC00000C0020000C0020080C0020080C0020FC
:1058EC00100C0020100C0020180C0020180C0020AC
:1058FC00200C0020200C0020280C0020280C00205C
:10590C00300C0020300C0020380C0020380C00200B
:10591C00400C0020400C0020480C0020480C0020BB
:10592C00500C0020500C0020580C0020580C00206B
:10593C00600C0020600C0020680C0020680C00201B
:10594C00700C0020700C0020780C0020780C0020CB
:10595C00800C0020800C0020880C0020880C00207B
:10596C00900C0020900C0020980C0020980C00202B
:10597C00A00C0020A00C0020A80C0020A80C0020DB
:10598C00B00C0020B00C0020B80C0020B80C00208B
:10599C00C00C0020C00C0020C80C0020C80C00203B
:1059AC00D00C0020D00C0020D80C0020D80C0020EB
:1059BC00E00C0020E00C0020E80C0020E80C00209B
:1059CC00F00C0020F00C0020F80C0020F80C00204B
:1059DC00000D0020000D0020080D0020080D0020F7
:1059EC00100D0020100D0020180D0020180D0020A7
:1059FC00200D0020200D0020280D0020280D002057
:105A0C00300D0020300D0020380D0020380D002006
:105A1C00400D0020400D0020480D0020480D0020B6
:105A2C00500D0020500D0020580D0020580D002066
:105A3C00600D0020600D0020680D0020680D002016
:105A4C00700D0020700D0020780D0020780D0020C6
:105A5C00800D0020800D0020880D0020880D002076
:105A6C00900D0020900D0020980D0020980D002026
:105A7C00A00D0020A00D0020A80D0020A80D0020D6
:105A8C00B00D0020B00D0020B80D0020B80D002086
:105A9C00C00D0020C00D0020C80D0020C80D002036
:105AAC00D00D0020D00D0020D80D0020D80D0020E6
:105ABC00E00D0020E00D0020E80D0020E80D002096
:105ACC00F00D0020F00D0020F80D0020F80D002046
:105ADC00000E0020000E0020080E0020080E0020F2
:105AEC00100E0020100E0020180E0020180E0020A2
:105AFC00200E0020200E0020280E0020280E002052
:105B0C00300E0020300E0020380E0020380E002001
:105B1C00400E0020400E0020480E0020480E0020B1
:105B2C00500E0020500E0020580E0020580E002061
:105B3C00600E0020600E0020680E0020680E002011
:105B4C00700E0020700E0020780E0020780E0020C1
:105B5C00800E0020800E0020880E0020880E002071
:105B6C00900E0020900E0020980E0020980E002021
:105B7C00A00E0020A00E0020A80E0020A80E0020D1
:105B8C00B00E0020B00E0020B80E0020B80E002081
:105B9C00C00E0020C00E0020C80E0020C80E002031
:105BAC00D00E0020D00E0020D80E0020D80E0020E1
:105BBC002D020008FD070008890B0008890F00085A
:105BCC00E91100089D220008C9260008056A000892
:045BDC0005020008B6
:04000005080043515B
:00000001FF
